nama_menu,harga_menu,kategori_course,profil_rasa,nama_restoran
Bihun goreng Ayam,23800,Main Course,gurih asin savory bihun ayam goreng,Bakmiseafood99
Mie goreng Ayam,26600,Main Course,gurih asin savory mie ayam goreng,Bakmiseafood99
Nasi Goreng Ayam,26600,Main Course,gurih asin smoky nasi goreng ayam,Bakmiseafood99
Kwetiau goreng Baso,23800,Main Course,gurih asin smoky kwetiau bakso,Bakmiseafood99
Kwetiua goreng Ayam,23800,Main Course,gurih asin smoky kwetiau ayam,Bakmiseafood99
Cap cay Goreng,33300,Main Course,gurih asin savory sayur tumis,Bakmiseafood99
Mie goreng Baso,26600,Main Course,gurih asin savory mie bakso goreng,Bakmiseafood99
Nasi Goreng Sayur,23800,Main Course,gurih asin smoky nasi goreng sayur,Bakmiseafood99
Ayam goreng Mentega,38000,Main Course,gurih asin buttery ayam goreng,Bakmiseafood99
Kerang Ijo Saus Padang,35000,Main Course,gurih asin pedas kerang saus padang,Bakmiseafood99
Ayam Rica Rica,38000,Main Course,gurih asin pedas rempah ayam rica,Bakmiseafood99
Sapo Tahu Ayam,32000,Main Course,gurih asin savory ayam tahu kuah,Bakmiseafood99
Fuyung Hay Ayam,35000,Main Course,gurih asin manis telur ayam fuyunghai,Bakmiseafood99
Capcay Kuah Ayam,33300,Main Course,gurih asin hangat capcay ayam kuah,Bakmiseafood99
Kangkung Cah,23000,Main Course,gurih asin savory kangkung tumis,Bakmiseafood99
Cah Brokoli,23000,Main Course,gurih asin savory brokoli tumis,Bakmiseafood99
Cah Toge,20000,Main Course,gurih asin savory tauge tumis,Bakmiseafood99
Capcay goreng Seafood,40000,Main Course,gurih asin savory capcay seafood,Bakmiseafood99
Sapo Tahu Seafood,40000,Main Course,gurih asin savory seafood tahu kuah,Bakmiseafood99
Sapi SapoTahu,34000,Main Course,gurih asin savory sapi tahu kuah,Bakmiseafood99
Fuyung Hai Seafood,40000,Main Course,gurih asin manis seafood telur,Bakmiseafood99
Udang Sapo Tahu,35000,Main Course,gurih asin savory udang tahu kuah,Bakmiseafood99
Kangkung Cah Cumi,30000,Main Course,gurih asin savory kangkung cumi,Bakmiseafood99
Sop Ayam Kuah,32000,Main Course,gurih asin hangat ayam kuah,Bakmiseafood99
Sop Asparagus Ayam,33000,Main Course,gurih asin hangat asparagus ayam,Bakmiseafood99
Sop Asparagus Udang,30000,Main Course,gurih asin hangat asparagus udang,Bakmiseafood99
Mun Tahu,28000,Appetizer,gurih asin lembut tahu kuah,Bakmiseafood99
Tahu Tausi,25000,Appetizer,gurih asin fermentasi tahu tausi,Bakmiseafood99
Tahu Cah Pokcay,28000,Appetizer,gurih asin savory tahu pokcay,Bakmiseafood99
Capcay Kuah Seafood,40000,Main Course,gurih asin hangat capcay seafood,Bakmiseafood99
Nasi goreng Special,30000,Main Course,gurih asin smoky nasi goreng spesial,Bakmiseafood99
Nasi goreng Seafood,30000,Main Course,gurih asin savory nasi goreng seafood,Bakmiseafood99
Nasi goreng Kambing,30000,Main Course,gurih asin rempah nasi goreng kambing,Bakmiseafood99
Nasi Goreng Baso,26600,Main Course,gurih asin smoky nasi goreng bakso,Bakmiseafood99
Nasi Goreng Teri Medan,26600,Main Course,gurih asin umami nasi teri,Bakmiseafood99
Nasi Goreng Sapi,30000,Main Course,gurih asin smoky nasi goreng sapi,Bakmiseafood99
Nasi Goreng Pete,30000,Main Course,gurih asin khas pete nasi goreng,Bakmiseafood99
Nasi Goreng Telor,22000,Main Course,gurih asin savory nasi telur,Bakmiseafood99
Nasi Goreng Mawud,26600,Main Course,gurih asin manis nasi mie goreng,Bakmiseafood99
Mie goreng Special,30000,Main Course,gurih asin savory mie spesial,Bakmiseafood99
Mie goreng Seafood,30000,Main Course,gurih asin savory mie seafood,Bakmiseafood99
Mie goreng Kambing,30000,Main Course,gurih asin rempah mie kambing,Bakmiseafood99
Mie goreng Sapi,30000,Main Course,gurih asin savory mie sapi,Bakmiseafood99
Mie goreng Telor,23800,Main Course,gurih asin savory mie telur,Bakmiseafood99
Lo Mie,23000,Main Course,gurih asin kental mie kuah,Bakmiseafood99
Ifu Mie,28000,Main Course,gurih asin crispy mie kuah,Bakmiseafood99
Mie Masak Kuah,28000,Main Course,gurih asin hangat mie kuah,Bakmiseafood99
Mie Siram,28000,Main Course,gurih asin savory mie siram,Bakmiseafood99
Bihun goreng Special,30000,Main Course,gurih asin savory bihun spesial,Bakmiseafood99
Bihun goreng Seafood,30000,Main Course,gurih asin savory bihun seafood,Bakmiseafood99
Bihun goreng Kambing,30000,Main Course,gurih asin rempah bihun kambing,Bakmiseafood99
Bihun goreng Sapi,30000,Main Course,gurih asin savory bihun sapi,Bakmiseafood99
Bihun goreng Baso,23000,Main Course,gurih asin savory bihun bakso,Bakmiseafood99
Bihun goreng Telor,20000,Main Course,gurih asin savory bihun telur,Bakmiseafood99
Bihun Masak Kuah,23000,Main Course,gurih asin hangat bihun kuah,Bakmiseafood99
Bihun Siram,23000,Main Course,gurih asin savory bihun siram,Bakmiseafood99
Kwetiau goreng Telor,22000,Main Course,gurih asin smoky kwetiau telur,Bakmiseafood99
Kwietiau goreng Seafood,30000,Main Course,gurih asin savory kwetiau seafood,Bakmiseafood99
Kwietiau goreng Special,30000,Main Course,gurih asin smoky kwetiau spesial,Bakmiseafood99
Kwetiua goreng Sapi,30000,Main Course,gurih asin savory kwetiau sapi,Bakmiseafood99
Kwietiau goreng Kambing,30000,Main Course,gurih asin rempah kwetiau kambing,Bakmiseafood99
Kwetiau Masak Kuah,25000,Main Course,gurih asin hangat kwetiau kuah,Bakmiseafood99
Kwietiau Kuah Seafood,30000,Main Course,gurih asin savory kwetiau seafood kuah,Bakmiseafood99
Kwetiou Siram,23000,Main Course,gurih asin savory kwetiau siram,Bakmiseafood99
Kwetiou Siram Sapi,30000,Main Course,gurih asin savory kwetiau sapi siram,Bakmiseafood99
Ayam Sauce Tiram,37000,Main Course,gurih asin savory ayam saus tiram,Bakmiseafood99
Ayam Lada Hitam,37000,Main Course,gurih asin pedas lada hitam ayam,Bakmiseafood99
Ayam Sauce Padang,38000,Main Course,gurih asin pedas ayam saus padang,Bakmiseafood99
Ayam goreng Tepung,34000,Main Course,gurih asin crispy ayam tepung,Bakmiseafood99
Ayam Telor Asin,37000,Main Course,gurih asin creamy ayam telur asin,Bakmiseafood99
Ayam Jamur Kuah,34000,Main Course,gurih asin savory ayam jamur kuah,Bakmiseafood99
Ayam Kuluyuk,34000,Main Course,gurih asin asam manis ayam crispy,Bakmiseafood99
Ayam goreng Nanking,33000,Main Course,gurih asin manis ayam tepung,Bakmiseafood99
Ayam Cah Kembang Kol,33000,Main Course,gurih asin savory ayam kembang kol,Bakmiseafood99
Ayam Cah Caesim,33000,Main Course,gurih asin savory ayam caisim,Bakmiseafood99
Ayam Cah Pokcay,33000,Main Course,gurih asin savory ayam pokcay,Bakmiseafood99
Ayam Cah Cabe Ijo,33000,Main Course,gurih asin pedas ayam cabe ijo,Bakmiseafood99
Kerang Ijo Saus Tiram,35000,Main Course,gurih asin savory kerang saus tiram,Bakmiseafood99
Kerang Ijo Rica-rica,35000,Main Course,gurih asin pedas rempah kerang,Bakmiseafood99
Kerang Ijo Lada Hitam,35000,Main Course,gurih asin pedas lada hitam kerang,Bakmiseafood99
Kerang Ijo Asam Manis,35000,Main Course,gurih asin asam manis kerang,Bakmiseafood99
Kerang Ijo Rebus,32000,Main Course,gurih asin savory kerang rebus,Bakmiseafood99
Kerang Ijo Saos Mentega,32000,Main Course,gurih asin buttery kerang mentega,Bakmiseafood99
Kerang Dara Saus Padang,30000,Main Course,gurih asin pedas kerang saus padang,Bakmiseafood99
Kerang Dara Saus Tiram,30000,Main Course,gurih asin savory kerang saus tiram,Bakmiseafood99
Kerang Dara Asam Manis,30000,Main Course,gurih asin asam manis kerang,Bakmiseafood99
Kerang Dara Rica-Rica,30000,Main Course,gurih asin pedas rempah kerang,Bakmiseafood99
Kerang Dara Lada Hitam,30000,Main Course,gurih asin pedas lada hitam kerang,Bakmiseafood99
Kerang Dara gorengMentega,30000,Main Course,gurih asin buttery kerang goreng mentega,Bakmiseafood99
Kerang Dara Rebus,30000,Main Course,gurih asin savory kerang rebus,Bakmiseafood99
Cumi Saus Padang,37500,Main Course,gurih asin pedas cumi saus padang,Bakmiseafood99
Cumi goreng Mentega,37500,Main Course,gurih asin buttery cumi goreng,Bakmiseafood99
Cumi Telor Asin,36000,Main Course,gurih asin creamy cumi telur asin,Bakmiseafood99
Cumi goreng Tepung,36000,Main Course,gurih asin crispy cumi tepung,Bakmiseafood99
Cumi Cah Brokoli,30000,Main Course,gurih asin savory cumi brokoli,Bakmiseafood99
Cumi Saus Tiram,37500,Main Course,gurih asin savory cumi saus tiram,Bakmiseafood99
Cumi Lada Hitam,37500,Main Course,gurih asin pedas lada hitam cumi,Bakmiseafood99
Cumi Asam Manis,35000,Main Course,gurih asin asam manis cumi,Bakmiseafood99
Udang Sauce Padang,37000,Main Course,gurih asin pedas udang saus padang,Bakmiseafood99
Udang goreng Mentega,35000,Main Course,gurih asin buttery udang goreng,Bakmiseafood99
Udang Lada Hitam,37000,Main Course,gurih asin pedas lada hitam udang,Bakmiseafood99
Udang Telor Asin,35000,Main Course,gurih asin creamy udang telur asin,Bakmiseafood99
Udang Kuluyuk,35000,Main Course,gurih asin asam manis udang crispy,Bakmiseafood99
Udang Sauce Tiram,35000,Main Course,gurih asin savory udang saus tiram,Bakmiseafood99
Udang Cah Brokoli,30000,Main Course,gurih asin savory udang brokoli,Bakmiseafood99
Udang Cah Kembang Kol,30000,Main Course,gurih asin savory udang kembang kol,Bakmiseafood99
Udang goreng Tepung,35000,Main Course,gurih asin crispy udang tepung,Bakmiseafood99
Udang Cah Tauge,30000,Main Course,gurih asin savory udang tauge,Bakmiseafood99
Udang Cah Cabe Ijo,33000,Main Course,gurih asin pedas udang cabe ijo,Bakmiseafood99
Sapi Lada Hitam,35000,Main Course,gurih asin pedas lada hitam sapi,Bakmiseafood99
Sapi Telor Asin,35000,Main Course,gurih asin creamy sapi telur asin,Bakmiseafood99
Bistik Sapi,35000,Main Course,gurih asin manis savory bistik sapi,Bakmiseafood99
Sapi Cah Kembang Kol,34000,Main Course,gurih asin savory sapi kembang kol,Bakmiseafood99
Sapi Sauce Padang,35000,Main Course,gurih asin pedas sapi saus padang,Bakmiseafood99
Sapi goreng Nanking,30000,Main Course,gurih asin manis sapi tepung,Bakmiseafood99
Sapi Cah Caesim,33000,Main Course,gurih asin savory sapi caisim,Bakmiseafood99
Sapi Cah Pokcay,33000,Main Course,gurih asin savory sapi pokcay,Bakmiseafood99
Sapi Cah Cabe Ijo,35000,Main Course,gurih asin pedas sapi cabe ijo,Bakmiseafood99
Sapi Rica-rica,37000,Main Course,gurih asin pedas rempah sapi rica,Bakmiseafood99
Nila Goreng Kering,46000,Main Course,gurih asin crispy ikan nila,Bakmiseafood99
Nila Saus Padang,46000,Main Course,gurih asin pedas ikan nila,Bakmiseafood99
Nila Tahu Tausi,46000,Main Course,gurih asin fermentasi nila tausi,Bakmiseafood99
Nila gorengLada Hitam,46000,Main Course,gurih asin pedas lada hitam nila,Bakmiseafood99
Nila gorengRica-Rica,46000,Main Course,gurih asin pedas rempah nila,Bakmiseafood99
"Cumi,udang,jagung Saus Padang",71000,Main Course,gurih asin pedas seafood saus padang,Bakmiseafood99
"Kerang Dara,kerang Ijo,jagung Saus Padang",52000,Main Course,gurih asin pedas kerang saus padang,Bakmiseafood99
"Cumi,udang,kerang Dara,kerang Ijo, Jagung Saus Padang",109000,Main Course,gurih asin pedas seafood campur,Bakmiseafood99
"Kepiting,jagung",92000,Main Course,gurih asin savory kepiting jagung,Bakmiseafood99
Bistik Ayam,38000,Main Course,gurih asin manis savory bistik ayam,Bakmiseafood99
Bistik Udang,32000,Main Course,gurih asin manis savory bistik udang,Bakmiseafood99
Bistik Ikan,35000,Main Course,gurih asin manis savory bistik ikan,Bakmiseafood99
Bistik Cumi,32000,Main Course,gurih asin manis savory bistik cumi,Bakmiseafood99
Es Teler,20190,Dessert,manis creamy segar dingin buah santan,Es Sinar Garut
Es Campur Shanghai,20190,Dessert,manis segar dingin campur buah jelly,Es Sinar Garut
Es Sirop,10340,Beverage,manis segar dingin air kelapa sirup,Es Sinar Garut
Es Teler Moca,21440,Dessert,manis creamy dingin moka buah santan,Es Sinar Garut
Es Teler Keju,23940,Dessert,manis creamy gurih dingin buah keju,Es Sinar Garut
Es Campur Moca,21440,Beverage,manis creamy segar dingin moka campur,Es Sinar Garut
Es Alpukat Kerok,20190,Dessert,creamy manis dingin alpukat,Es Sinar Garut
Es Alpukat Kocok,20190,Beverage,creamy manis dingin alpukat susu,Es Sinar Garut
Es Alpukat Kelapa,21440,Dessert,creamy manis segar dingin alpukat kelapa,Es Sinar Garut
Es Alpukat Nangka,20190,Dessert,creamy manis fruity dingin alpukat nangka,Es Sinar Garut
Es Alpukat Keju,23940,Dessert,creamy manis gurih dingin alpukat keju,Es Sinar Garut
Es Kelapa Muda,15190,Beverage,manis segar dingin kelapa muda,Es Sinar Garut
Es Kelapa Nangka,20190,Beverage,manis segar fruity dingin kelapa nangka,Es Sinar Garut
Es Kelapa Susu,17690,Beverage,creamy manis segar dingin kelapa susu,Es Sinar Garut
Es Kelapa Moca Susu,20190,Beverage,creamy manis dingin moka kelapa susu,Es Sinar Garut
Es Kelapa Jeruk,21440,Beverage,manis asam segar dingin kelapa jeruk,Es Sinar Garut
Es Kelapa Jeruk Susu,23940,Beverage,creamy manis asam dingin kelapa jeruk susu,Es Sinar Garut
Es Kelapa Bulat,21440,Beverage,segar ringan dingin air kelapa,Es Sinar Garut
Es Kelapa Bulat Gula,21440,Beverage,manis segar dingin air kelapa gula,Es Sinar Garut
Es Jeruk,11440,Beverage,manis asam segar dingin jeruk,Es Sinar Garut
Es Jeruk Susu,17690,Beverage,creamy manis asam dingin jeruk susu,Es Sinar Garut
Es Sirop Susu,13940,Beverage,creamy manis dingin sirup susu,Es Sinar Garut
Es Sirop Moca Susu,13940,Beverage,creamy manis dingin moka sirup susu,Es Sinar Garut
Es Sirop Moca,11440,Beverage,manis creamy dingin sirup moka,Es Sinar Garut
Yamien,25500,Main Course,gurih asin manis savory mie ayam,Yamien 88
Yamien Baso,31000,Main Course,gurih asin savory mie bakso,Yamien 88
Yamien Pangsit,31000,Main Course,gurih asin savory mie pangsit,Yamien 88
Yamien Baso Pangsit,38000,Main Course,gurih asin savory mie bakso pangsit,Yamien 88
Mie Ayam,24000,Main Course,gurih asin manis savory mie ayam,Yamien 88
Mie Ayam Baso,30000,Main Course,gurih asin savory mie ayam bakso,Yamien 88
Mie Ayam Pangsit,30000,Main Course,gurih asin savory mie ayam pangsit,Yamien 88
Mie Ayam Baso Pangsit,35500,Main Course,gurih asin savory mie ayam bakso pangsit,Yamien 88
Es Jeli Leci,19500,Beverage,manis segar dingin leci jelly,Yamien 88
Jus Alpukat,22000,Beverage,creamy manis dingin alpukat,Yamien 88
Es Jeruk,18500,Beverage,manis asam segar dingin jeruk,Yamien 88
Es Sarang Burung,19500,Beverage,manis segar dingin sarang burung,Yamien 88
Es Serabut Merah,19500,Beverage,manis segar dingin sirup merah,Yamien 88
Jus Straberry,19500,Beverage,manis asam segar dingin stroberi,Yamien 88
Moccacino Shake,19500,Beverage,manis creamy dingin moka kopi,Yamien 88
Capuccino Shake,19500,Beverage,creamy manis dingin cappuccino,Yamien 88
Es Capuccino,18500,Beverage,creamy pahit manis dingin kopi,Yamien 88
Straberry Sparkling Tea,21000,Beverage,asam manis soda segar teh stroberi,Yamien 88
Soda Gembira Fanta,21000,Beverage,manis creamy soda segar fanta,Yamien 88
Soda Gembira Sprite,21000,Beverage,manis creamy soda segar sprite,Yamien 88
Soda Gembira Cola,21000,Beverage,manis creamy soda segar cola,Yamien 88
Ayam Goreng Mentega,54500,Main Course,gurih asin manis buttery ayam goreng,Yamien 88
Ayam Goreng Kering,54500,Main Course,gurih asin crispy ayam goreng,Yamien 88
Ayam Goreng Saos Padang,54500,Main Course,gurih asin pedas savory ayam saus padang,Yamien 88
Ayam Goreng Saos Tiram,52000,Main Course,gurih asin savory ayam saus tiram,Yamien 88
Capcay Goreng,48500,Main Course,gurih asin savory sayur tumis,Yamien 88
Capcay Kuah,48500,Main Course,gurih asin hangat sayur kuah,Yamien 88
Sapo Tahu Seafood,72500,Main Course,gurih asin savory seafood tahu kuah,Yamien 88
Kerang Hijau Rebus,27500,Main Course,gurih asin savory kerang rebus,Yamien 88
Kerang Hijau Saus Padang,39000,Main Course,gurih asin pedas kerang saus padang,Yamien 88
Kerang Hijau Saus Tiram,39000,Main Course,gurih asin savory kerang saus tiram,Yamien 88
Kerang Hijau Cah Tauco,39000,Main Course,gurih asin fermentasi kerang tauco,Yamien 88
Kerang Dara Rebus,38000,Main Course,gurih asin savory kerang rebus,Yamien 88
Kerang Dara Saus Padang,52000,Main Course,gurih asin pedas kerang saus padang,Yamien 88
Kerang Dara Saus Tiram,52000,Main Course,gurih asin savory kerang saus tiram,Yamien 88
Kerang Dara Cah Tauco,52000,Main Course,gurih asin fermentasi kerang tauco,Yamien 88
Cumi Goreng Mentega,65000,Main Course,gurih asin buttery cumi goreng,Yamien 88
Cumi Goreng Kering,65000,Main Course,gurih asin crispy cumi goreng,Yamien 88
Cumi Goreng Tepung,59000,Main Course,gurih asin crispy cumi tepung,Yamien 88
Cumi Saus Padang,65000,Main Course,gurih asin pedas cumi saus padang,Yamien 88
Cumi Saus Tiram,65000,Main Course,gurih asin savory cumi saus tiram,Yamien 88
Cumi Asam Manis,65000,Main Course,gurih asin asam manis cumi,Yamien 88
Cumi Lada Hitam,65000,Main Course,gurih asin pedas lada hitam cumi,Yamien 88
Udang Goreng Mentega,55500,Main Course,gurih asin buttery udang goreng,Yamien 88
Udang Goreng Kering,55500,Main Course,gurih asin crispy udang goreng,Yamien 88
Udang Goreng Tepung,55500,Main Course,gurih asin crispy udang tepung,Yamien 88
Udang Saus Padang,55500,Main Course,gurih asin pedas udang saus padang,Yamien 88
Udang Saus Tiram,55500,Main Course,gurih asin savory udang saus tiram,Yamien 88
Udang Asam Manis,55500,Main Course,gurih asin asam manis udang,Yamien 88
Udang Lada Hitam,55500,Main Course,gurih asin pedas lada hitam udang,Yamien 88
Udang Mayonise,55500,Main Course,gurih asin creamy manis udang mayo,Yamien 88
Udang Rebus,52000,Main Course,gurih asin savory udang rebus,Yamien 88
Ayam Goreng Asam Manis,61500,Main Course,gurih asin asam manis ayam,Yamien 88
Ayam Goreng Lada Hitam,54500,Main Course,gurih asin pedas lada hitam ayam,Yamien 88
Ayam Nanking,61500,Main Course,gurih asin manis savory ayam tepung,Yamien 88
Ayam Rica Rica,54500,Main Course,gurih asin pedas rempah ayam rica,Yamien 88
Ayam Kecap,54500,Main Course,gurih asin manis ayam kecap,Yamien 88
Sapi Goreng Mentega,74500,Main Course,gurih asin buttery sapi goreng,Yamien 88
Sapi Goreng Kering,74500,Main Course,gurih asin crispy sapi goreng,Yamien 88
Sapi Saus Padang,74500,Main Course,gurih asin pedas sapi saus padang,Yamien 88
Sapi Saus Tiram,74500,Main Course,gurih asin savory sapi saus tiram,Yamien 88
Sapi Asam Manis,74500,Main Course,gurih asin asam manis sapi,Yamien 88
Sapi Lada Hitam,74500,Main Course,gurih asin pedas lada hitam sapi,Yamien 88
Bistik Sapi,74500,Main Course,gurih asin manis savory bistik sapi,Yamien 88
Bistik Udang,68500,Main Course,gurih asin manis savory bistik udang,Yamien 88
Bistik Ayam,68500,Main Course,gurih asin manis savory bistik ayam,Yamien 88
Bistik Cumi,74500,Main Course,gurih asin manis savory bistik cumi,Yamien 88
Bihun Goreng,36500,Main Course,gurih asin savory bihun goreng,Yamien 88
Bihun Goreng Special,43500,Main Course,gurih asin savory bihun spesial,Yamien 88
Bihun Goreng Seafood,43500,Main Course,gurih asin savory bihun seafood,Yamien 88
Bihun Goreng Ayam,43500,Main Course,gurih asin savory bihun ayam,Yamien 88
Kwetiau Goreng Special,43500,Main Course,gurih asin smoky kwetiau spesial,Yamien 88
Kwetiau Goreng Seafood,43500,Main Course,gurih asin savory kwetiau seafood,Yamien 88
Kwetiau Goreng Ayam,43500,Main Course,gurih asin savory kwetiau ayam,Yamien 88
Kwetiau Siram,48500,Main Course,gurih asin savory kwetiau kuah,Yamien 88
Kwetiau Siram Sapi,58000,Main Course,gurih asin savory kwetiau sapi,Yamien 88
Kwetiau Siram Seafood,50500,Main Course,gurih asin savory kwetiau seafood,Yamien 88
Bakmie Goreng,36500,Main Course,gurih asin savory bakmie goreng,Yamien 88
Bakmie Goreng Special,43500,Main Course,gurih asin savory bakmie spesial,Yamien 88
Bakmie Goreng Seafood,43500,Main Course,gurih asin savory bakmie seafood,Yamien 88
Mie Solo,43500,Main Course,gurih asin manis savory mie solo,Yamien 88
Mie Kangkung,43500,Main Course,gurih asin savory mie kangkung,Yamien 88
Mie Goreng Ayam,43500,Main Course,gurih asin savory mie ayam goreng,Yamien 88
Gurame Bakar (Sedang),125000,Main Course,gurih asin manis smoky gurame bakar,Yamien 88
Sapo Tahu Ayam,72500,Main Course,gurih asin savory ayam tahu kuah,Yamien 88
Sapi Hotplate,72500,Main Course,gurih asin savory sapi hotplate,Yamien 88
Seafood Hotplate,60000,Main Course,gurih asin savory seafood hotplate,Yamien 88
Ayam Hotplate,56500,Main Course,gurih asin savory ayam hotplate,Yamien 88
Udang Hotplate,60000,Main Course,gurih asin savory udang hotplate,Yamien 88
Tahu Hotplate,53000,Main Course,gurih asin savory tahu hotplate,Yamien 88
Nasi Ayam Cah Jamur,43500,Main Course,gurih asin savory ayam jamur,Yamien 88
Nasi Capcay,43500,Main Course,gurih asin savory nasi capcay,Yamien 88
Nasi Goreng,36500,Main Course,gurih asin smoky nasi goreng,Yamien 88
Nasi Goreng Special,43500,Main Course,gurih asin smoky nasi goreng spesial,Yamien 88
Nasi Goreng Seafood,43500,Main Course,gurih asin savory nasi goreng seafood,Yamien 88
Nasi Goreng Ayam,43500,Main Course,gurih asin savory nasi goreng ayam,Yamien 88
Nasi Goreng Sosis,43500,Main Course,gurih asin smoky nasi goreng sosis,Yamien 88
Fuyunghai,50500,Main Course,gurih asin manis telur fuyunghai,Yamien 88
Fuyunghai Ayam,50500,Main Course,gurih asin manis telur ayam fuyunghai,Yamien 88
Ifumie,47000,Main Course,gurih asin crispy mie kuah,Yamien 88
Ifumie Ayam,45000,Main Course,gurih asin crispy mie ayam kuah,Yamien 88
Capcay Goreng Ayam,48500,Main Course,gurih asin savory capcay ayam,Yamien 88
Capcay Kuah Ayam,48500,Main Course,gurih asin hangat capcay ayam kuah,Yamien 88
Kangkung Hotplate Sapi,62000,Main Course,gurih asin savory kangkung sapi,Yamien 88
Kangkung Hotplate Udang,56000,Main Course,gurih asin savory kangkung udang,Yamien 88
Kangkung Hotplate Seafood,56000,Main Course,gurih asin savory kangkung seafood,Yamien 88
Kangkung Hotplate Ayam,56000,Main Course,gurih asin savory kangkung ayam,Yamien 88
Kangkung Hotplate Polos,45000,Main Course,gurih asin savory kangkung hotplate,Yamien 88
Kangkung Cah Polos,32000,Main Course,gurih asin savory kangkung tumis,Yamien 88
Kangkung Cah Tauco,32000,Main Course,gurih asin fermentasi kangkung tauco,Yamien 88
Kangkung Cah Terasi,32000,Main Course,gurih asin savory kangkung terasi,Yamien 88
Kangkung Cah Ayam,42500,Main Course,gurih asin savory kangkung ayam,Yamien 88
Kangkung Cah Udang,46000,Main Course,gurih asin savory kangkung udang,Yamien 88
Kangkung Cah Cumi,46000,Main Course,gurih asin savory kangkung cumi,Yamien 88
Kangkung Cah Sapi,52000,Main Course,gurih asin savory kangkung sapi,Yamien 88
Kangkung Cah Seafood,52000,Main Course,gurih asin savory kangkung seafood,Yamien 88
Tauge Cah Tauco,29000,Main Course,gurih asin fermentasi tauge tauco,Yamien 88
Tauge Cah Terasi,29000,Main Course,gurih asin savory tauge terasi,Yamien 88
Tauge Cah Ayam,39000,Main Course,gurih asin savory tauge ayam,Yamien 88
Tauge Cah Udang,41500,Main Course,gurih asin savory tauge udang,Yamien 88
Tauge Cah Cumi,41500,Main Course,gurih asin savory tauge cumi,Yamien 88
Tauge Cah Sapi,45000,Main Course,gurih asin savory tauge sapi,Yamien 88
Tauge Cah Seafood,43500,Main Course,gurih asin savory tauge seafood,Yamien 88
Tauge Cah Polos,25500,Main Course,gurih asin savory tauge tumis,Yamien 88
Ayam Cah Jamur,49500,Main Course,gurih asin savory ayam jamur,Yamien 88
Pangsit Basah Goreng,39000,Appetizer,gurih asin crispy pangsit goreng,Yamien 88
Ayam Goreng Tepung,54500,Main Course,gurih asin crispy ayam tepung,Yamien 88
Kwetiaw Siram Ayam,44000,Main Course,gurih asin savory kwetiau ayam kuah,Yamien 88
Sapo Gurame Kuah (Sedang),140000,Main Course,gurih asin hangat gurame kuah,Yamien 88
Gurame Goreng Kering (Sedang),125000,Main Course,gurih asin crispy gurame goreng,Yamien 88
Gurame Saos Padang (Sedang),125000,Main Course,gurih asin pedas gurame saus padang,Yamien 88
Gurame Asam Manis (Sedang),125000,Main Course,gurih asin asam manis gurame,Yamien 88
Kentang Goreng,26000,Appetizer,gurih asin crispy kentang goreng,Yamien 88
Kwetiau Goreng,36500,Main Course,gurih asin smoky kwetiau goreng,Yamien 88
Kwetiau Gor Seafd,41500,Main Course,gurih asin savory kwetiau seafood,Yamien 88
Kwetiau Gor Spesial,41500,Main Course,gurih asin smoky kwetiau spesial,Yamien 88
Kepiting Goreng Mentega,110000,Main Course,gurih asin buttery kepiting goreng,Yamien 88
Kepiting Goreng Kering,110000,Main Course,gurih asin crispy kepiting goreng,Yamien 88
Kepiting Saos Tiram,110000,Main Course,gurih asin savory kepiting saus tiram,Yamien 88
Kepiting Saos Padang,110000,Main Course,gurih asin pedas kepiting saus padang,Yamien 88
Kepiting Asam Manis,110000,Main Course,gurih asin asam manis kepiting,Yamien 88
Kepiting Lada Hitam,110000,Main Course,gurih asin pedas lada hitam kepiting,Yamien 88
Kepiting Bakar,110000,Main Course,gurih asin smoky kepiting bakar,Yamien 88
OG Thai Tea,22000,Beverage,manis creamy segar dingin thai tea,Kopken Kalisari
Thai Tea Aren,27000,Beverage,manis creamy legit dingin thai tea gula aren,Kopken Kalisari
Thai Tea Coffee,28000,Beverage,manis creamy pahit dingin thai tea kopi,Kopken Kalisari
Thai Tea Loaded,30000,Beverage,manis creamy pekat dingin thai tea topping,Kopken Kalisari
Canele Aren,17000,Dessert,manis legit buttery caramel canele,Kopken Kalisari
Aren Apple Pie,19000,Dessert,manis buttery legit apel gula aren,Kopken Kalisari
Blueberry Muffin,17000,Dessert,manis fruity lembut blueberry muffin,Kopken Kalisari
Vanilla Choux Puff,14000,Dessert,manis creamy lembut vanilla choux,Kopken Kalisari
Chocolate Choux Puff,14000,Dessert,manis creamy coklat lembut choux,Kopken Kalisari
Strawberry Choux Puff,14000,Dessert,manis asam creamy stroberi choux,Kopken Kalisari
Roti Gulung Aren,16000,Dessert,manis legit lembut gula aren roti,Kopken Kalisari
Canele Original,15000,Dessert,manis buttery caramel lembut canele,Kopken Kalisari
Canele Toffee Nut Crumble,17000,Dessert,manis buttery crunchy toffee kacang,Kopken Kalisari
Donut Almond,15000,Dessert,manis gurih lembut almond donut,Kopken Kalisari
Danish Tiramisu,21000,Dessert,manis creamy kopi buttery tiramisu,Kopken Kalisari
Croissant Abon,19000,Dessert,gurih buttery savory abon croissant,Kopken Kalisari
Dutch Choco Kenangan Frappe,33000,Beverage,manis creamy dingin coklat frappe,Kopken Kalisari
Kopi Kenangan Mantan Frappe,31000,Beverage,creamy manis dingin kopi gula aren,Kopken Kalisari
Vanilla Kenangan Frappe,29000,Beverage,creamy manis dingin vanilla kopi,Kopken Kalisari
Butterscotch Kenangan Frappe,33000,Beverage,manis creamy dingin butterscotch kopi,Kopken Kalisari
Matcha Kenangan Frappe,35000,Beverage,creamy manis pahit dingin matcha,Kopken Kalisari
Choco Caramel Frappe,31000,Beverage,manis creamy dingin coklat karamel,Kopken Kalisari
Oatside Matcha Latte,27000,Beverage,creamy manis pahit dingin oat matcha,Kopken Kalisari
Oatside Kopi Kenangan Mantan,27000,Beverage,creamy manis dingin oat kopi aren,Kopken Kalisari
Oatside Latte,27000,Beverage,creamy milky dingin oat latte,Kopken Kalisari
Kopi Susu Black Aren Hanya 49RB!,49000,Beverage,pahit manis dingin kopi gula aren,Kopken Kalisari
Hazelnut Latte,28000,Beverage,creamy manis dingin kopi hazelnut,Kopken Kalisari
Creamy Aren Latte,24000,Beverage,creamy manis legit dingin gula aren,Kopken Kalisari
Kopi Susu Black Aren,23000,Beverage,pahit manis dingin kopi gula aren,Kopken Kalisari
Kopi Kenangan Mantan,22000,Beverage,creamy manis dingin kopi gula aren,Kopken Kalisari
Caramel Macchiato,30000,Beverage,creamy manis dingin kopi karamel,Kopken Kalisari
Matcha Espresso,28000,Beverage,pahit creamy dingin matcha kopi,Kopken Kalisari
Mocha Latte,31000,Beverage,manis creamy pahit dingin kopi coklat,Kopken Kalisari
Vanilla Latte,28000,Beverage,creamy manis dingin kopi vanilla,Kopken Kalisari
Avocado Coffee,34000,Beverage,creamy manis dingin kopi alpukat,Kopken Kalisari
Americano,20000,Beverage,pahit segar dingin kopi hitam,Kopken Kalisari
Cappuccino,24000,Beverage,creamy pahit manis dingin kopi susu,Kopken Kalisari
Latte,24000,Beverage,creamy milky manis dingin kopi,Kopken Kalisari
Caramel Latte,28000,Beverage,creamy manis dingin kopi karamel,Kopken Kalisari
Dua Shot Iced Shaken,28000,Beverage,pahit creamy dingin double espresso,Kopken Kalisari
Butterscotch Aren Latte,22000,Beverage,manis creamy legit dingin butterscotch aren,Kopken Kalisari
Butterscotch Sea Salt Latte,27000,Beverage,manis gurih creamy dingin butterscotch,Kopken Kalisari
Cafe Malt Latte,26000,Beverage,creamy manis dingin kopi malt,Kopken Kalisari
Spanish Latte,21000,Beverage,creamy manis pekat dingin kopi susu,Kopken Kalisari
Pistachio Aren Latte,22000,Beverage,creamy gurih manis dingin pistachio aren,Kopken Kalisari
Toffee Nut Choco Macchiato,25000,Beverage,manis creamy dingin coklat toffee kacang,Kopken Kalisari
Toffee Nut Latte,22000,Beverage,creamy manis dingin toffee kacang,Kopken Kalisari
Toffee Nut Oat Latte,25000,Beverage,creamy manis dingin oat toffee kacang,Kopken Kalisari
Toffee Nut Aren Latte,24000,Beverage,creamy manis legit dingin toffee aren,Kopken Kalisari
Dua Shot OG Aren,28000,Beverage,pahit manis dingin double espresso aren,Kopken Kalisari
OG Aren Speculoos Latte,24000,Beverage,creamy manis dingin aren speculoos,Kopken Kalisari
Mocha Caramel,29000,Beverage,manis creamy dingin moka karamel,Kopken Kalisari
Avocado Caramel,30000,Beverage,creamy manis dingin alpukat karamel,Kopken Kalisari
Avocado Milk,26000,Beverage,creamy manis dingin susu alpukat,Kopken Kalisari
Caramel Dutch Choco,31000,Beverage,manis creamy dingin coklat karamel,Kopken Kalisari
Dutch Chocolate,26000,Beverage,manis creamy dingin coklat,Kopken Kalisari
Hazelnut Choco Milk Tea,23000,Beverage,manis creamy dingin milk tea coklat hazelnut,Kopken Kalisari
Hazelnut Dutch Choco,31000,Beverage,manis creamy dingin coklat hazelnut,Kopken Kalisari
Kenangan Milk Tea,21000,Beverage,manis creamy segar dingin milk tea,Kopken Kalisari
Lemon Black Tea,19000,Beverage,manis asam segar dingin teh lemon,Kopken Kalisari
Matcha Latte,27000,Beverage,creamy manis pahit dingin matcha susu,Kopken Kalisari
Milo Dinosaurus,23000,Beverage,manis creamy dingin coklat malt,Kopken Kalisari
Oreo Shake,26000,Beverage,manis creamy dingin oreo susu,Kopken Kalisari
Raspberry Hibiscus,22000,Beverage,asam manis floral segar raspberry hibiscus,Kopken Kalisari
Susu Grass Jelly,24000,Beverage,manis creamy dingin susu cincau,Kopken Kalisari
Milk Oreo Crumble,29000,Beverage,manis creamy crunchy dingin oreo,Kopken Kalisari
Butterscotch Sea Salt Crumble,25000,Beverage,manis gurih crunchy dingin butterscotch,Kopken Kalisari
OG Aren Milky Speculoos,26000,Beverage,creamy manis legit dingin aren speculoos,Kopken Kalisari
Choco Caramel,22000,Beverage,manis creamy dingin coklat karamel,Kopken Kalisari
Join the Dark Side Cookie,23000,Dessert,manis creamy chewy coklat pekat cookies,Kopken Kalisari
Choco Chip Cookies,16000,Dessert,manis buttery crunchy coklat chip cookies,Kopken Kalisari
Roti Srikaya,17000,Dessert,manis creamy lembut srikaya roti,Kopken Kalisari
Roti Coklat Klasik,12000,Dessert,manis creamy coklat roti lembut,Kopken Kalisari
Roti Keju Manis,16000,Dessert,manis gurih creamy keju roti,Kopken Kalisari
Roti Susu Manis,13000,Dessert,manis creamy lembut susu roti,Kopken Kalisari
Butter Croissant,17000,Dessert,gurih buttery flaky croissant,Kopken Kalisari
Chocolate Croissant,21000,Dessert,manis buttery flaky coklat croissant,Kopken Kalisari
Friend Chip Cookie,19000,Dessert,manis buttery crunchy cookies coklat,Kopken Kalisari
Ayam Penyet Dada Sambal Ijo,24000,Main Course,gurih asin pedas savory ayam penyet sambal ijo,Abak Geprek Mamareza
Ayam Penyet Paha Sambal Ijo,24000,Main Course,gurih asin pedas juicy ayam penyet sambal ijo,Abak Geprek Mamareza
Ayam Bakar Paha Manis,27000,Main Course,gurih asin manis smoky ayam bakar,Abak Geprek Mamareza
Ayam Bakar Paha Pedas Manis,27000,Main Course,gurih asin pedas manis smoky ayam bakar,Abak Geprek Mamareza
Ayam Bakar Dada Pedas Manis,27000,Main Course,gurih asin pedas manis smoky ayam bakar,Abak Geprek Mamareza
Ayam Bakar Dada Manis,27000,Main Course,gurih asin manis smoky ayam bakar,Abak Geprek Mamareza
Ayam Geprek,24000,Main Course,gurih asin pedas crispy ayam geprek,Abak Geprek Mamareza
Geprek Keju,32000,Main Course,gurih asin pedas creamy ayam keju,Abak Geprek Mamareza
Indomie Keju,27000,Main Course,gurih asin creamy mie keju,Abak Geprek Mamareza
Indomie Mozzarella,32000,Main Course,gurih asin creamy cheesy mie mozzarella,Abak Geprek Mamareza
Indomie Ayam Geprek,32000,Main Course,gurih asin pedas savory mie ayam geprek,Abak Geprek Mamareza
Indomie Komplit Ayam Geprek Keju,45000,Main Course,gurih asin pedas creamy mie ayam keju,Abak Geprek Mamareza
Ayam Geprek Mozzarella,45000,Main Course,gurih asin pedas cheesy ayam mozzarella,Abak Geprek Mamareza
Indomie Ayam Geprek Mozzarella,50000,Main Course,gurih asin pedas cheesy mie ayam mozzarella,Abak Geprek Mamareza
Ayam Ungkep Bagian Dada,24000,Main Course,gurih asin rempah ayam ungkep,Abak Geprek Mamareza
Ayam Ungkep Bagian Paha,24000,Main Course,gurih asin rempah juicy ayam ungkep,Abak Geprek Mamareza
Ayam Goreng Paha,24000,Main Course,gurih asin crispy juicy ayam goreng,Abak Geprek Mamareza
Ayam Goreng Dada,24000,Main Course,gurih asin crispy ayam goreng,Abak Geprek Mamareza
Ayam Penyet Dada,24000,Main Course,gurih asin pedas savory ayam penyet,Abak Geprek Mamareza
Ayam Penyet Paha,24000,Main Course,gurih asin pedas juicy ayam penyet,Abak Geprek Mamareza
Nila Bakar Sambal Kecap,28000,Main Course,gurih asin manis smoky ikan nila,Abak Geprek Mamareza
Nila Penyet Sambal Ijo,27000,Main Course,gurih asin pedas savory ikan nila,Abak Geprek Mamareza
Nila Goreng  Sambal Kecap,36000,Main Course,gurih asin manis crispy ikan nila,Abak Geprek Mamareza
Nila Penyet Sambal Kecap,33000,Main Course,gurih asin pedas manis ikan nila,Abak Geprek Mamareza
Lele Goreng,25000,Main Course,gurih asin crispy savory lele goreng,Abak Geprek Mamareza
Lele Penyet,25000,Main Course,gurih asin pedas savory lele penyet,Abak Geprek Mamareza
Lele Penyet Sambal Ijo,18000,Main Course,gurih asin pedas segar lele sambal ijo,Abak Geprek Mamareza
pisang nangka goreng cocho crunchy keju susu,27000,Dessert,manis gurih crispy creamy coklat keju susu,Pisang Nangka Ksr
pisang dan nangka dark coklat keju susu,27000,Dessert,manis gurih crispy creamy coklat pekat keju susu,Pisang Nangka Ksr
pisang dan nangka toping tiramisu keju susu,27000,Dessert,manis gurih crispy creamy tiramisu keju susu,Pisang Nangka Ksr
pisang dan nangka matcha keju susu,27000,Dessert,manis gurih crispy creamy pahit matcha keju susu,Pisang Nangka Ksr
pisang dan nangka polos tanpa toping,20000,Dessert,manis gurih crispy hangat pisang nangka goreng,Pisang Nangka Ksr
pisang dan nangka ori toping susu,20000,Dessert,manis gurih crispy creamy susu,Pisang Nangka Ksr
pisang dan nangka choco crunchy susu,25000,Dessert,manis gurih crispy coklat susu,Pisang Nangka Ksr
pisang dan nangka dark coklat susu,25000,Dessert,manis gurih crispy creamy coklat pekat susu,Pisang Nangka Ksr
pisang dan nangka toping keju susu,25000,Dessert,manis gurih crispy creamy keju susu,Pisang Nangka Ksr
pisang dan nangka toping tiramisu susu,25000,Dessert,manis gurih crispy creamy tiramisu susu,Pisang Nangka Ksr
pisang dan nangka matcha susu,25000,Dessert,manis gurih crispy creamy pahit matcha susu,Pisang Nangka Ksr
pisang goreng toping cocho crunchy keju susu,27000,Dessert,manis gurih crispy creamy coklat keju susu,Pisang Nangka Ksr
pisang goreng toping dark coklat keju susu,27000,Dessert,manis gurih crispy creamy coklat pekat keju susu,Pisang Nangka Ksr
pisang goreng tiramisu keju susu,27000,Dessert,manis gurih crispy creamy tiramisu keju susu,Pisang Nangka Ksr
pisang goreng toping matcha keju susu,27000,Dessert,manis gurih crispy creamy pahit matcha keju susu,Pisang Nangka Ksr
pisang goreng toping coklat susu,25000,Dessert,manis gurih crispy creamy coklat susu,Pisang Nangka Ksr
pisang goreng toping dark coklat susu,20000,Dessert,manis gurih crispy creamy coklat pekat susu,Pisang Nangka Ksr
pisang goreng toping keju susu,25000,Dessert,manis gurih crispy creamy keju susu,Pisang Nangka Ksr
pisang goreng tiramisu susu,25000,Dessert,manis gurih crispy creamy tiramisu susu,Pisang Nangka Ksr
pisang goreng matcha susu,25000,Dessert,manis gurih crispy creamy pahit matcha susu,Pisang Nangka Ksr
pisang goreng toping susu,20000,Dessert,manis gurih crispy creamy susu,Pisang Nangka Ksr
pisang goreng tanpa toping,20000,Dessert,manis gurih crispy hangat pisang goreng,Pisang Nangka Ksr
nangka goreng toping keju susu,27000,Dessert,manis gurih crispy creamy keju susu,Pisang Nangka Ksr
nangka goreng toping susu,24000,Dessert,manis gurih crispy creamy susu,Pisang Nangka Ksr
nangka goreng choco crunchy keju susu,30000,Dessert,manis gurih crispy creamy coklat keju susu,Pisang Nangka Ksr
nangka goreng choco crunchy susu,27000,Dessert,manis gurih crispy coklat susu,Pisang Nangka Ksr
Chicken Shawarma Reguler,33750,Main Course,asin gurih smoky creamy ayam shawarma,Uncle Jee Shawarma
Beef Shawarma Reguler,49950,Main Course,asin gurih smoky juicy daging sapi ,Uncle Jee Shawarma
Shawarma Beef Spesial,87750,Main Course,asin gurih smoky juicy daging sapi ,Uncle Jee Shawarma
Briyani Chicken,91500,Main Course,gurih rempah aromatik asin ayam biryani,Uncle Jee Shawarma
Nasi Briyani Lamb Nampan Medium(4-6),702000,Main Course,gurih rempah kuat aromatik asin domba biryani,Uncle Jee Shawarma
Nasi Mandhi Lamb Nampan Medium (4-6),673500,Main Course,gurih smoky rempah lembut asin domba mandhi,Uncle Jee Shawarma
Kurma Juice,47250,Beverage,manis creamy legit dingin kurma,Uncle Jee Shawarma
Shawarma Chicken Spesial,74250,Main Course,gurih smoky creamy asin ayam shawarma,Uncle Jee Shawarma
Briyani Lamb,121500,Main Course,gurih rempah kuat aromatik asin domba biryani,Uncle Jee Shawarma
Mandhi Lamb,105000,Main Course,gurih smoky rempah lembut asin domba mandhi,Uncle Jee Shawarma
Mandhi Chicken,78000,Main Course,gurih smoky rempah lembut asin ayam mandhi,Uncle Jee Shawarma
Briyani Kebab Full Lamb,164700,Main Course,gurih smoky rempah asin domba kebab biryani,Uncle Jee Shawarma
Briyani Kebab Half Lamb,99900,Main Course,gurih smoky rempah asin domba kebab biryani,Uncle Jee Shawarma
Briyani Kebab Chicken Full,105300,Main Course,gurih smoky rempah asin ayam kebab biryani,Uncle Jee Shawarma
Briyani Kebab Chicken Half,70200,Main Course,gurih smoky rempah asin ayam kebab biryani,Uncle Jee Shawarma
Mandhi Kebab Lamb Full,164700,Main Course,gurih smoky rempah lembut asin domba kebab,Uncle Jee Shawarma
Mandhi Kebab Lamb Half,99900,Main Course,gurih smoky rempah lembut asin domba kebab,Uncle Jee Shawarma
Mandhi Kebab Chicken Full,105300,Main Course,gurih smoky rempah lembut asin ayam kebab,Uncle Jee Shawarma
Mandhi Kebab Chicken Half,70200,Main Course,gurih smoky rempah lembut asin ayam kebab,Uncle Jee Shawarma
Mugalgal Lamb,60750,Main Course,gurih savory rempah asin tumis domba,Uncle Jee Shawarma
Mugalgal Chicken,28350,Main Course,gurih savory rempah asin tumis ayam,Uncle Jee Shawarma
Kambing Moroco Bakar,148500,Main Course,gurih smoky rempah aromatik asin kambing bakar,Uncle Jee Shawarma
Chicken Sambosa,47250,Main Course,gurih rempah crispy asin ayam pastry,Uncle Jee Shawarma
Lamb Sambosa,60750,Main Course,gurih rempah crispy asin domba pastry,Uncle Jee Shawarma
Chicken Shish Towuk,82350,Main Course,gurih smoky juicy asin ayam panggang,Uncle Jee Shawarma
Shish Kebab Lamb,109250,Main Course,gurih smoky juicy rempah asin domba panggang,Uncle Jee Shawarma
Shish Kebab Chicken,70200,Main Course,gurih smoky aromatik asin ayam panggang,Uncle Jee Shawarma
Kunafa Chocolate,87750,Dessert,manis creamy gurih coklat keju pastry,Uncle Jee Shawarma
Kunafa Original,81000,Dessert,manis gurih creamy keju pastry ,Uncle Jee Shawarma
Cheese Fries,34425,Appetizer,asin gurih keju kentang ,Uncle Jee Shawarma
Chicken Cheese Fries,60750,Appetizer,asin gurih keju ayam kentang,Uncle Jee Shawarma
Beef Smack Burger,54675,Appetizer,asin gurih juicy smoky daging roti burger,Uncle Jee Shawarma
Chicken Roti John,40500,Appetizer,asin gurih ayam roti  burger,Uncle Jee Shawarma
Beef Roti John,54000,Appetizer,asin gurih juicy smoky daging roti burger,Uncle Jee Shawarma
Snack Pack Chicken,41310,Appetizer,asin gurih savory ayam keju kentang,Uncle Jee Shawarma
Snack Pack Beef,56025,Appetizer,asin gurih savory daging sapi keju kentang,Uncle Jee Shawarma
Muhalabia,22000,Dessert,manis creamy lembut susu puding,Uncle Jee Shawarma
Umm Ali,47250,Dessert,manis creamy gurih roti susu kacang,Uncle Jee Shawarma
Cream Caramel,31050,Dessert,manis kenyal creamy karamel,Uncle Jee Shawarma
Orange Juice,33750,Beverage,manis asam segar jeruk dingin jus,Uncle Jee Shawarma
Kue Pancong Coklat,12000,Dessert,manis coklat pancong,Pancong Rpm
Kue Pancong Coklat Keju Susu,18000,Dessert,manis gurih keju susu coklat pancong,Pancong Rpm
Kue Pancong Keju,15000,Dessert,manis gurih keju pancong,Pancong Rpm
Kue Pancong Original,10000,Dessert,gurih manis pancong,Pancong Rpm
Kue Pancong Greentea,14000,Dessert,manis creamy  greentea pancong,Pancong Rpm
Kue Pancong Greentea Coklat,16000,Dessert,manis creamy greentea coklat pancong,Pancong Rpm
Kue Pancong Greentea Keju,18000,Dessert,gurih manis creamy  greentea keju pancong,Pancong Rpm
Kue Pancong Greentea Coklat Keju,18500,Dessert,manis gurih creamy  greentea coklat keju pancong,Pancong Rpm
Kue Pancong Tiramisu,15000,Dessert,manis creamy  tiramisu kopi pancong,Pancong Rpm
Kue Pancong Tiramisu Coklat,16000,Dessert,manis creamy coklat  tiramisu pancong,Pancong Rpm
Kue Pancong Tiramisu Keju,18000,Dessert,manis gurih creamy  tiramisu keju pancong,Pancong Rpm
Kue Pancong Tiramisu Coklat Keju,18500,Dessert,manis gurih creamy  tiramisu coklat keju pancong,Pancong Rpm
Kue Pancong Kacang,12000,Dessert,manis gurih  kacang pancong,Pancong Rpm
Kue Pancong Kacang Coklat,13000,Dessert,manis gurih creamy  kacang coklat keju pancong,Pancong Rpm
Kue Pancong Kacang Coklat Keju,18500,Dessert,manis gurih creamy  kacang coklat keju pancong,Pancong Rpm
Kue Pancong Oreo,13000,Dessert,manis creamy crunchy  oreo pancong,Pancong Rpm
Kue Pancong Strawbbery,13000,Dessert,manis asam creamy  stroberi pancong,Pancong Rpm
Kue Pancong Ovaltine,16000,Dessert,manis creamy  coklat malt pancong,Pancong Rpm
Pancong Blueberry,13000,Dessert,manis asam fruity  blueberry pancong,Pancong Rpm
Ayam Geprek,18000,Main Course,asin gurih pedas crispy ayam geprek,Gondes Kalisari
Matcha Latte,27000,Beverage,creamy manis pahit dingin matcha susu,Haus Kalisari
Matcha Strawberry,31000,Beverage,creamy asam manis dingin matcha stroberi,Haus Kalisari
Matcha Cheese,33500,Beverage,creamy gurih manis dingin matcha keju,Haus Kalisari
Matcha Mango,31000,Beverage,creamy manis segar dingin matcha mangga,Haus Kalisari
Matcha Lychee,31000,Beverage,creamy manis floral dingin matcha leci,Haus Kalisari
Kopi Coklat,27000,Beverage,manis pahit creamy dingin kopi coklat,Haus Kalisari
Spicy Cheese Ramyeon,40000,Main Course,asin creamy gurih keju mie kuah,Haus Kalisari
Ottokke Cheese,39000,Main Course,asin pedas creamy keju topokki,Haus Kalisari
Topokki,33500,Main Course,asin pedas kenyal topokki,Haus Kalisari
Odeng,16000,Main Course,asin gurih kenyal ikan odeng,Haus Kalisari
Thai Tea,11000,Beverage,manis creamy segar dingin thai tea,Haus Kalisari
Taro,19000,Beverage,manis creamy dingin susu taro,Haus Kalisari
Green Thai Tea,13500,Beverage,manis creamy segar dingin green thai tea,Haus Kalisari
Cookies & Cream,17500,Beverage,manis creamy dingin cookies cream,Haus Kalisari
Jasmine Tea,7000,Beverage,floral segar ringan dingin teh melati,Haus Kalisari
Lychee Tea,17500,Beverage,manis segar dingin teh leci,Haus Kalisari
Mango Tea,17500,Beverage,manis segar dingin teh mangga,Haus Kalisari
Strawberry Tea,17500,Beverage,manis asam segar dingin teh stroberi,Haus Kalisari
Kopasus (Kopi Susu Haus),15000,Beverage,creamy manis dingin kopi susu,Haus Kalisari
Oat Coffee Caramel Macchiato,33500,Beverage,creamy manis dingin oat kopi karamel,Haus Kalisari
Choco Cheese Crunchy with Take It,32000,Beverage,manis gurih crunchy dingin coklat keju,Haus Kalisari
Drink Beng Beng Cream Caramel,31000,Beverage,manis creamy dingin coklat karamel,Haus Kalisari
Choco Lava,23000,Beverage,manis creamy pekat dingin coklat,Haus Kalisari
Choco Hazelnut,20000,Beverage,manis creamy dingin coklat hazelnut,Haus Kalisari
Ovaltine,17500,Beverage,manis creamy dingin coklat malt,Haus Kalisari
Choco Lava Float,25500,Beverage,manis creamy dingin coklat float,Haus Kalisari
Choco Avocado Float,29000,Beverage,creamy manis dingin coklat alpukat,Haus Kalisari
Choco Avocado,19500,Beverage,creamy manis dingin coklat alpukat,Haus Kalisari
Boba Brown Sugar Fresh Milk,21500,Beverage,manis creamy dingin brown sugar susu boba,Haus Kalisari
Boba Brown Sugar Milk Tea,21500,Beverage,manis creamy dingin milk tea brown sugar,Haus Kalisari
Lychee Yakult,20000,Beverage,asam manis segar dingin leci yakult,Haus Kalisari
Mango Yakult,21500,Beverage,asam manis segar dingin mangga yakult,Haus Kalisari
Lemon Tea Yakult,29000,Beverage,asam manis segar dingin lemon teh yakult,Haus Kalisari
Double Chocco Isi 4,23750,Dessert,manis coklat kue balok ,Kue Balok Kenanga
Almond Isi 4,23750,Dessert,manis kacang kue balok,Kue Balok Kenanga
Kue Balok Original Isi 4,17500,Dessert,manis kue balok,Kue Balok Kenanga
Toping Greentea Isi 4,23750,Dessert,manis greentea kue balok,Kue Balok Kenanga
Toping Keju isi 4,23750,Dessert,manis gurih keju kue balok,Kue Balok Kenanga
Toping Capucino Isi 4,22500,Dessert,manis capucino kue balok,Kue Balok Kenanga
Toping Tiramisu Crunchy Isi 4,23750,Dessert,manis tiramisu kue balok,Kue Balok Kenanga
Toping Milk Crunchy Isi 4,23750,Dessert,manis crispy susu kue balok,Kue Balok Kenanga
Kebuli Domba,58305,Main Course,asin gurih rempah aromatik daging domba nasi kebuli,Kebuli Ahmad
Kebuli Sapi,52325,Main Course,asin gurih rempah savory daging sapi nasi kebuli,Kebuli Ahmad
Kebuli Ayam Roasted Jumbo,52325,Main Course,asin gurih manis rempah ayam roasted nasi kebuli,Kebuli Ahmad
Kebuli Ayam Goreng,29900,Main Course,asin gurih rempah crispy ayam goreng kebuli,Kebuli Ahmad
Biryani Domba,64285,Main Course,asin gurih rempah kuat aromatik domba biryani,Kebuli Ahmad
Biryani Sapi,59800,Main Course,asin gurih rempah aromatik daging sapi biryani,Kebuli Ahmad
Biryani Ayam Roasted Jumbo,64285,Main Course,asin gurih rempah manis ayam roasted biryani,Kebuli Ahmad
Biryani Ayam Goreng,40365,Main Course,asin gurih rempah crispy ayam biryani,Kebuli Ahmad
Samosa Jumbo (1Pcs),14500,Appetizer,asin gurih rempah ayam daging sapi sayuran crispy pastry,Kebuli Ahmad
Kebab Super (1pcs),21600,Appetizer,asin gurih smoky creamy daging kebab,Kebuli Ahmad
Dimsum Bakar isi 5pcs,31000,Appetizer,asin gurih manis smoky dimsum bakar,Kebuli Ahmad
Dimsum Kukus isi 5pcs,31000,Appetizer,asin gurih juicy lembut dimsum kukus,Kebuli Ahmad
Seblak Komplit Ceker,24500,Main Course,asin gurih pedas telur kerupuk batagor ceker kwetiau mie seblak,Seblak Spatula
Seblak Campur Telor,22000,Main Course,asin gurih pedas telur kerupuk batagor kwetiau mie seblak,Seblak Spatula
Seblak Campur Biasa,15000,Main Course,asin gurih pedas kerupuk batagor kwetiau mie seblak,Seblak Spatula
Seblak Komplit Tulang,26000,Main Course,asin gurih pedas kerupuk batagor telur tulang kwetiau mie seblak,Seblak Spatula
Komplit Kikil,26000,Main Course,asin gurih pedas kerupuk batagor telur kikil kwetiau mie seblak,Seblak Spatula
Seblak Komplit Sayap,28500,Main Course,asin gurih pedas kerupuk telur sayap ayam batagor kwetiau mie seblak,Seblak Spatula
Komplit Tulang Ceker,31000,Main Course,asin gurih pedas kerupuk batagor tulang ceker kwetiau mie seblak,Seblak Spatula
Seblak Komplit Ceker Sayap,32500,Main Course,asin gurih pedas kerupuk batagor telur ceker sayap ayam kwetiau mie seblak,Seblak Spatula
Komplit Tulang Sayap,33500,Main Course,asin gurih pedas kerupuk batagor telur tulang sayap ayam kwetiau mie seblak,Seblak Spatula
Komplit Tulang Ceker Sayap,37500,Main Course,asin gurih pedas kerupuk batagor telur tulang ceker sayap ayam kwetiau mie seblak,Seblak Spatula
Makaroni Basah,24500,Main Course,asin gurih pedas makaroni baso sosis,Seblak Spatula
Bakso Aci (Boci),24500,Main Course,asin gurih segar pedas baso aci batagor kerupuk ,Seblak Spatula
Spatulaker,27000,Main Course,asin gurih pedas spageti tulang ceker ayam,Seblak Spatula
Suki (Kuah Tomyam),31000,Main Course,asin gurih pedas kerupuk batagor kwetiau mie seblak,Seblak Spatula
Cah Kangkung,33000,Main Course,gurih savory bawang manis sayur tumis,Abtl Kalisari
Bebek Jumbo Goreng,67500,Main Course,gurih juicy crispy bebek goreng,Abtl Kalisari
Bebek Jumbo Bakar,67500,Main Course,gurih manis smoky bebek bakar,Abtl Kalisari
Bebek Super Goreng,59500,Main Course,gurih juicy crispy bebek goreng,Abtl Kalisari
Bebek Jumbo Goreng Bumbu Hitam,72200,Main Course,gurih rempah pekat sedikit pedas bebek,Abtl Kalisari
Bebek Super Goreng Bumbu Hitam,64000,Main Course,gurih rempah pekat sedikit pedas bebek,Abtl Kalisari
Ayam Super Paha Goreng,44500,Main Course,gurih juicy crispy ayam goreng,Abtl Kalisari
Ayam Super Paha Bakar,44500,Main Course,gurih manis smoky ayam bakar,Abtl Kalisari
Ayam Super Dada Bakar,44500,Main Course,gurih manis smoky ayam bakar,Abtl Kalisari
Ayam Super Gorang Bumbu Hitam,49500,Main Course,gurih rempah pekat ayam goreng,Abtl Kalisari
Ayam Penyet Paha,46000,Main Course,gurih pedas savory ayam penyet,Abtl Kalisari
Ayam Penyet Dada,46000,Main Course,gurih pedas savory ayam penyet,Abtl Kalisari
Ayam Pejantan Setengah   Ekor Goreng,69000,Main Course,gurih juicy crispy ayam pejantan,Abtl Kalisari
Ayam Pejantan Setengah  Ekor Bakar,69000,Main Course,gurih manis smoky ayam bakar,Abtl Kalisari
Ikan Nila Goreng,56000,Main Course,gurih crispy savory ikan goreng,Abtl Kalisari
Ikan Nila Bakar,56000,Main Course,gurih manis smoky ikan bakar,Abtl Kalisari
Ikan Bawal Goreng,46000,Main Course,gurih crispy savory ikan bawal,Abtl Kalisari
Ikan Bawal Bakar,46000,Main Course,gurih manis smoky ikan bawal,Abtl Kalisari
Ikan Lele Goreng,36000,Main Course,gurih crispy savory lele goreng,Abtl Kalisari
Ikan Lele Bakar,36000,Main Course,gurih manis smoky lele bakar,Abtl Kalisari
Tahu - Tempe Goreng,23000,Appetizer,gurih crispy ringan tahu tempe,Abtl Kalisari
Tempe Goreng Tepung,25000,Appetizer,gurih crispy renyah tempe tepung,Abtl Kalisari
Milkshake Chocolate Float,30000,Beverage,manis creamy dingin coklat float,Abtl Kalisari
Milkshake Strawberry Float,30000,Beverage,manis creamy segar dingin stroberi,Abtl Kalisari
Milkshake Vanilla Float,30000,Beverage,manis creamy dingin vanilla susu,Abtl Kalisari
Milkshake Chocolate,25000,Beverage,manis creamy dingin coklat,Abtl Kalisari
Milkshake Strawberry,25000,Beverage,manis creamy segar dingin stroberi,Abtl Kalisari
Milkshake Vanilla,25000,Beverage,manis creamy dingin vanilla,Abtl Kalisari
Orange Squash,26500,Beverage,manis asam soda segar jeruk,Abtl Kalisari
Lemon Squash,26500,Beverage,asam manis soda segar lemon,Abtl Kalisari
Es Teler Durian,38000,Beverage,manis creamy dingin durian santan,Abtl Kalisari
Es Teler Original - Prambose,34500,Beverage,manis creamy segar buah santan,Abtl Kalisari
Jus Alpukat Float,36000,Beverage,creamy manis dingin alpukat float,Abtl Kalisari
Jus Strawberry Float,31000,Beverage,manis segar creamy dingin stroberi,Abtl Kalisari
Jus Jeruk Float,31000,Beverage,manis asam segar dingin jeruk,Abtl Kalisari
Jus Sirsak Float,31000,Beverage,asam manis segar dingin sirsak,Abtl Kalisari
Jus Melon Float,31000,Beverage,manis segar dingin melon,Abtl Kalisari
Jus Jambu Float,31000,Beverage,manis segar dingin jambu,Abtl Kalisari
Jus Mangga Float,36000,Beverage,manis segar creamy dingin mangga,Abtl Kalisari
Jus Alpukat,31000,Beverage,creamy manis dingin alpukat,Abtl Kalisari
Jus Strawberry,26000,Beverage,manis segar dingin stroberi,Abtl Kalisari
Jus Jeruk,26000,Beverage,manis asam segar dingin jeruk,Abtl Kalisari
Jus Sirsak,26000,Beverage,asam manis segar dingin sirsak,Abtl Kalisari
Jus Melon,26000,Beverage,manis segar dingin melon,Abtl Kalisari
Jus Jambu,26000,Beverage,manis segar dingin jambu,Abtl Kalisari
Jus Mangga,31000,Beverage,manis segar creamy dingin mangga,Abtl Kalisari
Ice Lemon Tea,21500,Beverage,manis asam segar dingin teh lemon,Abtl Kalisari
Ice Coffee Float,20000,Beverage,creamy manis dingin kopi float,Abtl Kalisari
Tambahan Es Batu,3500,Beverage,dingin segar netral es,Abtl Kalisari
Teh Tawar Hangat,3500,Beverage,hangat ringan teh original,Abtl Kalisari
Teh Manis Hangat,13000,Beverage,manis hangat teh,Abtl Kalisari
Lemon Tea Hangat,16000,Beverage,manis asam hangat teh lemon,Abtl Kalisari
Jeruk Manis Hangat,21500,Beverage,manis segar hangat jeruk,Abtl Kalisari
Milo Hangat,21500,Beverage,manis creamy hangat coklat malt,Abtl Kalisari
Seblak Sosis,17500,Main Course,asin gurih pedas telur sayuran sosis baso kwetiau seblak,Seblak Mantul Bandung
Seblak Komplit,23000,Main Course,asin gurih pedas telur sayuran sosis kwetiau ceker baso tulang seblak,Seblak Mantul Bandung
Seblak Original,14000,Main Course,asin gurih pedas telur sayuran baso sosis kwetiau seblak,Seblak Mantul Bandung
Seblak Bakso,17500,Main Course,asin gurih pedas telur sayuran baso sosis kwetiau seblak,Seblak Mantul Bandung
Seblak Ceker,19000,Main Course,asin gurih pedas telur sayuran baso sosis ceker kwetiau seblak,Seblak Mantul Bandung
Seblak tulang,19000,Main Course,asin gurih pedas telur sayuran baso sosis tulang kwetiau seblak,Seblak Mantul Bandung
Seblak Otak-Otak,17500,Main Course,asin gurih pedas telur sayuran baso sosis otak-otak kwetiau seblak,Seblak Mantul Bandung
Sate Ayam Full Daging,45000,Main Course,asin gurih manis smoky ayam bakar bumbu kacang,Sate Ayam Kambing Kartika
Tongseng Ayam,30000,Main Course,asin gurih manis rempah hangat ayam kuah,Sate Ayam Kambing Kartika
Tongseng Kambing,36000,Main Course,asin gurih manis rempah kuat kambing kuah,Sate Ayam Kambing Kartika
Tengkleng Kambing,32500,Main Course,asin gurih rempah savory kambing kuah tulang,Sate Ayam Kambing Kartika
Sate Kambing,60000,Main Course,asin gurih smoky manis kambing bakar,Sate Ayam Kambing Kartika
Sate Ayam,33000,Main Course,asin gurih manis smoky ayam bakar,Sate Ayam Kambing Kartika
Sate Sapi,60000,Main Course,asin gurih smoky manis daging sapi bakar,Sate Ayam Kambing Kartika
Sate Thaican,33000,Main Course,asin pedas asam gurih ayam bakar sambal,Sate Ayam Kambing Kartika
Sate Thaican Full Daging,45000,Main Course,asin pedas asam smoky ayam full daging,Sate Ayam Kambing Kartika
Sate Thaican Kulit,33000,Main Course,asin gurih pedas smoky kulit ayam bakar,Sate Ayam Kambing Kartika
Tongseng Sapi,36000,Main Course,asin gurih manis rempah hangat sapi kuah,Sate Ayam Kambing Kartika
Sop Kambing,43000,Main Course,asin gurih hangat rempah ringan kambing kuah,Sate Ayam Kambing Kartika
Gulai Kambing,40000,Main Course,asin gurih creamy rempah kuat kambing santan,Sate Ayam Kambing Kartika
Matcha Sakura,26000,Beverage,creamy manis floral dingin matcha sakura,Esteh Indonesia
Chocolate Sakura,26000,Beverage,manis creamy floral dingin coklat sakura,Esteh Indonesia
Milktea Sakura,26000,Beverage,manis creamy floral dingin milk tea sakura,Esteh Indonesia
Esteh Zero Original ,13000,Beverage,segar ringan dingin teh original,Esteh Indonesia
Esteh Zero Melati ,13000,Beverage,segar floral dingin teh melati,Esteh Indonesia
Esteh Zero Greentea ,13000,Beverage,segar ringan dingin green tea,Esteh Indonesia
Matcha Strawberry ,26000,Beverage,creamy asam manis dingin matcha stroberi,Esteh Indonesia
Matcha Bunga Melati ,26000,Beverage,creamy floral manis dingin matcha melati,Esteh Indonesia
Esteh Matcha Latte ,26000,Beverage,creamy manis dingin matcha teh,Esteh Indonesia
Esteh Original ,10000,Beverage,manis segar dingin teh original,Esteh Indonesia
Esteh Melati ,10000,Beverage,manis floral segar dingin teh melati,Esteh Indonesia
Esteh Greentea ,14000,Beverage,manis segar dingin green tea,Esteh Indonesia
Esteh Melati Coconut ,17000,Beverage,manis segar creamy dingin teh melati kelapa,Esteh Indonesia
Esteh Lychee ,15500,Beverage,manis segar dingin teh leci,Esteh Indonesia
Esteh Lemontea ,15500,Beverage,manis asam segar dingin teh lemon,Esteh Indonesia
Passionfruit Greentea ,16500,Beverage,asam manis segar dingin passionfruit green tea,Esteh Indonesia
Passionfruit Lemonade ,16500,Beverage,asam manis soda segar dingin passionfruit,Esteh Indonesia
Esteh Mango Greentea ,19500,Beverage,manis segar dingin mangga green tea,Esteh Indonesia
Lemonteh Strawberry ,20500,Beverage,asam manis segar dingin lemon stroberi teh,Esteh Indonesia
Chizu Red Velvet ,24500,Beverage,manis creamy gurih dingin red velvet keju,Esteh Indonesia
Chizu Taro ,24500,Beverage,manis creamy gurih dingin taro keju,Esteh Indonesia
Chizu Matcha ,24500,Beverage,creamy manis gurih dingin matcha keju,Esteh Indonesia
Chizu Teavocado ,24500,Beverage,creamy manis gurih dingin teh alpukat keju,Esteh Indonesia
Chizu Chocolate ,25500,Beverage,manis creamy gurih dingin coklat keju,Esteh Indonesia
Hazelnut Chocolate ,23000,Beverage,manis creamy dingin coklat hazelnut,Esteh Indonesia
Pure Chocolate ,23000,Beverage,manis creamy pekat dingin coklat,Esteh Indonesia
Esteh Susu Melati ,17000,Beverage,manis creamy segar dingin teh susu melati,Esteh Indonesia
Esteh Susu Nusantara ,14000,Beverage,manis creamy segar dingin teh susu,Esteh Indonesia
Thai Tea ,15500,Beverage,manis creamy segar dingin thai tea,Esteh Indonesia
Cincau Esteh Susu ,17000,Beverage,manis creamy segar dingin teh susu cincau,Esteh Indonesia
Esteh Susu Strawberry ,20500,Beverage,manis creamy segar dingin teh susu stroberi,Esteh Indonesia
Hazelnut Milk Tea ,23000,Beverage,manis creamy dingin milk tea hazelnut,Esteh Indonesia
Esteh Susu Matcha ,20500,Beverage,creamy manis dingin teh susu matcha,Esteh Indonesia
Brown Sugar ,27000,Beverage,manis creamy dingin brown sugar susu,Esteh Indonesia
Sea Salt Cookies & Cream ,27000,Beverage,manis gurih creamy dingin cookies cream,Esteh Indonesia
Kopi Susu Iced,22000,Beverage,manis pahit susu dingin kopi ,Kopi Kultur
Serbu Taro,15000,Beverage,manis creamy taro keju dingin ,Kopi Kultur
Serbu Coklat,15000,Beverage,manis creamy coklat keju dingin,Kopi Kultur
Serbu Thai Tea,15000,Beverage,manis creamy thaitea keju dingin,Kopi Kultur
Serbu Matcha,15000,Beverage,manis creamy pahit matcha keju dingin,Kopi Kultur
Konyakun,19000,Beverage,manis kenyal segar mangga nanas jeli dingin,Kopi Kultur
Konyaput,19000,Beverage,manis kenyal segar leci sirsak jeli dingin,Kopi Kultur
Pink Float,19000,Beverage,manis anggur segar jambu eskrim vanilla dingin,Kopi Kultur
Ungu Float,19000,Beverage,asam manis segar anggur nanas eskrim vanilla dingin,Kopi Kultur
Red Choco Cream,22500,Beverage,manis coklat redvelvet keju dingin ,Kopi Kultur
Van Choco Cream,25000,Beverage,manis pahit creamy coklat vanila keju dingin ,Kopi Kultur
Kopi Hitam Hot,21000,Beverage,manis pahit gula aren hangat kopi ,Kopi Kultur
Cappucino Hot,25000,Beverage,manis pahit susu hangat kopi cappucino ,Kopi Kultur
Carato Hot,26500,Beverage,manis pahit caramel susu hangat kopi carato,Kopi Kultur
Kopi Susu Hot,25000,Beverage,manis pahit susu hangat kopi ,Kopi Kultur
Kopi Klasik Hot,19000,Beverage,manis pahit susu kental manis hangat kopi ,Kopi Kultur
Moccacino Hot,25000,Beverage,manis pahit coklat susu hangat kopi,Kopi Kultur
Vanilla Latte Hot,25000,Beverage,manis pahit vanila susu hangat kopi,Kopi Kultur
Cappucino Iced,22500,Beverage,manis pahit susu dingin kopi cappucino ,Kopi Kultur
Carato Iced,26500,Beverage,manis pahit caramel susu dingin kopi carato,Kopi Kultur
Kopi Hitam Iced,21000,Beverage,manis pahit gula aren dingin kopi ,Kopi Kultur
Kopi Klasik Iced,19000,Beverage,manis pahit susu kental manis dingin kopi ,Kopi Kultur
Moccacino Iced,22500,Beverage,manis pahit coklat susu dingin kopi,Kopi Kultur
Vanilla Latte Iced,29000,Beverage,manis pahit vanila susu dingin kopi,Kopi Kultur
Chocolate Hot,24500,Beverage,manis coklat susu hangat,Kopi Kultur
Matcha Hot,24500,Beverage,manis pahit matcha susu hangat,Kopi Kultur
Red Velvet Hot,24500,Beverage,manis redvelvet susu hangat,Kopi Kultur
Taro Hot,24500,Beverage,manis taro susu hangat,Kopi Kultur
Chocolate Iced,21000,Beverage,manis coklat susu dingin ,Kopi Kultur
Matcha Iced,21000,Beverage,manis pahit matcha susu dingin ,Kopi Kultur
Red Velvet Iced,21000,Beverage,manis redvelvet susu dingin ,Kopi Kultur
Taro Iced,21000,Beverage,manis taro susu dingin ,Kopi Kultur
Blue Lagoon (Iced),24500,Beverage,asam manis segar jeruk ceri mint dingin ,Kopi Kultur
Sangria Kiss (Iced),24500,Beverage,asam manis segar pahit jeruk dingin ,Kopi Kultur
Sunset Dream (Iced),24500,Beverage,asam manis segar nanas beri dingin,Kopi Kultur
Leci Teh (Es),24500,Beverage,manis leci dingin teh,Kopi Kultur
Sparkling Yuzu,29000,Beverage,asam mint jeruk segar soda lemon,Kopi Kultur
Black Yuzu,29000,Beverage,pahit segar jeruk soda lemon,Kopi Kultur
Ketoprak Super Original,24000,Main Course,asin gurih manis sayuran tahu kerupuk nasi ketoprak,Toprak Super
Ketoprak Super + Telur Dadar,29900,Main Course,asin gurih manis sayuran tahu telur dadar kerupuk nasi ketoprak,Toprak Super
Ketoprak Super + Telur Rebus,29900,Main Course,asin gurih manis sayuran tahu telur rebus kerupuk nasi ketoprak,Toprak Super
Ketoprak Super + Telor Ceplok,29900,Main Course,asin gurih manis sayuran tahu telur ceplok kerupuk nasi ketoprak,Toprak Super
Ketoprak Biasa,20000,Main Course,asin gurih manis sayuran tahu kerupuk nasi ketoprak,Toprak Bontot
Ketoprak Telor Dadar,25000,Main Course,asin gurih manis sayuran tahu telur dadar kerupuk nasi ketoprak,Toprak Bontot
Ketoprak Telor Ceplok,25000,Main Course,asin gurih manis sayuran tahu telur ceplok kerupuk nasi ketoprak,Toprak Bontot
Ketoprak Sosis Goreng,25000,Main Course,asin gurih manis sayuran tahu sosis kerupuk nasi ketoprak,Toprak Bontot
Ketoprak Baso Goreng,25000,Main Course,asin gurih manis sayuran tahu baso kerupuk nasi ketoprak,Toprak Bontot
CORNDOG SWEET MOZARELLA COKLAT,14000,Dessert,manis gurih keju mozarella coklat corndog,Corndog Aluma
CORNDOG SOSIS MOZARELLA,13000,Appetizer,asin gurih sosis mozarella corndog,Corndog Aluma
CORNDOG MOZARELLA ( Original ),14000,Appetizer,asin gurih keju mozarella corndog,Corndog Aluma
CORNDOG SWEET MOZARELLA TIRAMISU,14000,Dessert,manis gurih keju mozarella tiramisu corndog,Corndog Aluma
CORNDOG SOSIS,12000,Appetizer,asin gurih sosis corndog,Corndog Aluma
CORNDOG SWEET MOZARELLA STRAWBERRY,14000,Dessert,manis gurih keju mozarella stroberi corndog,Corndog Aluma
CORNDOG SWEET MOZARELLA TARO,14000,Dessert,manis gurih keju mozarella taro corndog,Corndog Aluma
CORNDOG SWEET MOZARELLA GREENTEA,14000,Dessert,manis gurih keju mozarella greentea corndog,Corndog Aluma
CORNDOG SOSIS MOZARELLA KENTANG,16000,Appetizer,asin gurih keju mozarella kentang corndog,Corndog Aluma
CORNDOG MOZARELLA JUMBO,19000,Appetizer,asin gurih keju mozarella corndog,Corndog Aluma
CORNDOG SOSIS KENTANG,15000,Appetizer,asin gurih sosis kentang corndog,Corndog Aluma
Otak2 Crispy + Kremes Jagung,9000,Appetizer,asin gurih manis pedas crispy otak-otak makaroni,Makaroni Gaul
Mie Kremes,7999,Appetizer,asin gurih manis pedas crispy mie,Makaroni Gaul
Otak2 Crispy  + Makaroni Kering,9000,Appetizer,asin gurih manis pedas crispy otak-otak makaroni,Makaroni Gaul
Makaroni Basah,7999,Appetizer,asin gurih manis pedas makaroni basah,Makaroni Gaul
Makaroni Kering,7999,Appetizer,asin gurih manis pedas crispy makaroni,Makaroni Gaul
Mie Lidi,7999,Appetizer,asin gurih manis pedas crispy mie,Makaroni Gaul
Kremes Jagung,7999,Appetizer,asin gurih manis pedas crispy jagung,Makaroni Gaul
Otak2 Crispy,9000,Appetizer,asin gurih manis pedas crispy otak-otak,Makaroni Gaul
Otak2  + Mie Kremes,9000,Appetizer,asin gurih manis pedas crispy otak-otak mie,Makaroni Gaul
Otak2  + Makaroni Basah,9000,Appetizer,asin gurih manis pedas otak-otak makaroni basah,Makaroni Gaul
Kulit Kebab Crispy,7999,Appetizer,asin gurih manis pedas crispy kulit kebab,Makaroni Gaul
Makaroni Basah + Otak2 Crispy,9000,Appetizer,asin gurih manis pedas crispy makaroni otak-otak,Makaroni Gaul
ORIGINAL SAPI JUMBO,54000,Main Course,asin gurih rempah daging sayuran shawarma,Suka Shawarma
ORIGINAL AYAM SEDANG,33000,Main Course,asin gurih rempah ayam sayuran shawarma,Suka Shawarma
ORIGINAL AYAM BESAR,39000,Main Course,asin gurih rempah ayam sayuran shawarma,Suka Shawarma
ORIGINAL AYAM JUMBO,45000,Main Course,asin gurih rempah ayam sayuran shawarma,Suka Shawarma
ORIGINAL SAPI SEDANG,37000,Main Course,asin gurih rempah daging sayuran shawarma,Suka Shawarma
ORIGINAL SAPI BESAR,42000,Main Course,asin gurih rempah daging sayuran shawarma,Suka Shawarma
ORIGINAL MIX AYAM SAPI BESAR,48000,Main Course,asin gurih rempah daging sayuran shawarma,Suka Shawarma
ORIGINAL MIX AYAM SAPI JUMBO,60000,Main Course,asin gurih rempah ayam daging sayuran shawarma,Suka Shawarma
SUKA CHICKEN,39000,Main Course,asin gurih rempah ayam daging sayuran shawarma,Suka Shawarma
SUKA BEEF,42000,Main Course,asin gurih rempah daging sayuran shawarma,Suka Shawarma
Suka Shawarma Samyang,40000,Main Course,asin gurih rempah daging sayuran shawarma,Suka Shawarma
Suka Freid Chicken,40000,Main Course,asin gurih rempah daging sayuran shawarma,Suka Shawarma
Soto Ayam,16000,Main Course,asin gurih ayam mie sayuran telur,Sotoayam Cakmar
Soto Ceker,17000,Main Course,asin gurih ceker mie sayuran telur,Sotoayam Cakmar
Soto Ayam + Ceker,18000,Main Course,asin gurih ceker ayam mie sayuran telur,Sotoayam Cakmar
Vanilla Latte,27000,Beverage,creamy pahit manis dingin kopi vanilla susu,Kopidarihati
Kopi Susu Aren,23000,Beverage,manis pahit creamy dingin kopi gula aren susu,Kopidarihati
Hazelnut Latte,27000,Beverage,creamy pahit manis dingin kopi hazelnut susu,Kopidarihati
Mochachino,28000,Beverage,manis creamy pahit dingin kopi susu coklat,Kopidarihati
Matcha Butter Salt Cream,33000,Beverage,creamy manis gurih dingin matcha,Kopidarihati
MONT BLANC,30000,Beverage,creamy pahit asam dingin kopi jeruk,Kopidarihati
Dirty Matcha Coffee,33000,Beverage,pahit creamy dingin matcha kopi,Kopidarihati
Americano,20000,Beverage,pahit dingin kopi hitam,Kopidarihati
Berry Coffee,27000,Beverage,asam pahit manis segar dingin kopi stroberi susu,Kopidarihati
Coffee Avocado,30000,Beverage,creamy pahit manis dingin kopi alpukat,Kopidarihati
Caramel Latte,27000,Beverage,creamy pahit manis dingin kopi karamel susu ,Kopidarihati
Cappucino,25000,Beverage,creamy pahit dingin kopi susu,Kopidarihati
Cafe Latte,25000,Beverage,creamy pahit dingin kopi susu,Kopidarihati
Ice Marie Regal Latte,30000,Beverage,creamy pahit manis dingin latte biskuit regal,Kopidarihati
Ice Oreo Latte,30000,Beverage,creamy pahit manis dingin latte oreo,Kopidarihati
Double Iced Shaken Latte,30000,Beverage,creamy pahit manis dingin kopi,Kopidarihati
Pandan Latte,27000,Beverage,creamy pahit manis dingin pandan kopi,Kopidarihati
Butterscotch Sea Salt Latte,30000,Beverage,manis pahit gurih creamy dingin butterscotch,Kopidarihati
Creamy Latte Aren  ,28000,Beverage,creamy pahit manis dingin latte gula aren,Kopidarihati
Almond Latte,27000,Beverage,creamy pahit manis dingin kopi almond,Kopidarihati
Chocolate,28000,Beverage,manis creamy susu dingin coklat,Kopidarihati
Red Velvet,28000,Beverage,manis creamy dingin susu red velvet,Kopidarihati
Matcha Latte,30000,Beverage,creamy manis pahit dingin matcha susu,Kopidarihati
Taro,28000,Beverage,manis creamy dingin susu taro,Kopidarihati
Oreo Cookies N Cream Shake,30000,Beverage,manis creamy dingin oreo susu,Kopidarihati
Marie Regal Shake,30000,Beverage,manis creamy dingin regal susu,Kopidarihati
Thai Tea,25000,Beverage,manis creamy segar dingin thai tea,Kopidarihati
Lemon Yakult,32000,Beverage,asam manis segar dingin lemon yakult,Kopidarihati
Kiwi Yakult,32000,Beverage,asam manis segar dingin kiwi yakult,Kopidarihati
Lemon Tea,27000,Beverage,manis asam segar dingin teh lemon,Kopidarihati
Lychee Tea,27000,Beverage,manis segar dingin teh leci,Kopidarihati
Hazelnut Choco,32000,Beverage,manis creamy dingin coklat hazelnut,Kopidarihati
Caramel Choco,32000,Beverage,manis creamy dingin coklat karamel,Kopidarihati
Strawberry Yakult,32000,Beverage,asam manis segar dingin stroberi yakult,Kopidarihati
Mango Yakult,32000,Beverage,asam manis segar dingin mangga yakult,Kopidarihati
Avocado Milk,32000,Beverage,creamy manis dingin susu alpukat,Kopidarihati
Cloud Matcha Berry,33000,Beverage,creamy asam manis dingin susu matcha berry,Kopidarihati
Teh Tarik,26000,Beverage,manis creamy dingin teh susu,Kopidarihati
Egg Hati Toast,25000,Main Course,asin gurih daging telur roti panggang,Kopidarihati
Eggsis Toast,25000,Main Course,asin gurih sosis telur roti panggang,Kopidarihati
Chicken Korean BBQ,30000,Main Course,asin gurih crispy ayam telur roti panggang,Kopidarihati
Hot Tuna Mentai,28000,Main Course,asin gurih tuna telur roti panggang,Kopidarihati
Beef Steak Toast,30000,Main Course,asin gurih daging telur roti panggang,Kopidarihati
Cheese Double Toast,28000,Main Course,asin gurih daging telur keju roti panggang,Kopidarihati
Smokey Corned Beef And Mushroom,28000,Main Course,asin gurih daging telur jamur roti panggang,Kopidarihati
Crispy Fish Toast,28000,Main Course,asin gurih ikan telur roti panggang,Kopidarihati
Pinky Crush,27000,Beverage,manis asam segar dingin stroberi lemon soda,Kopidarihati
Mango Squash,27000,Beverage,manis asam segar dingin mangga soda,Kopidarihati
Kiwi Squash,27000,Beverage,manis asam segar dingin kiwi lemon soda,Kopidarihati
Lychee Squash,27000,Beverage,manis asam segar dingin leci soda,Kopidarihati
Roti Bakar Cokelat,19000,Dessert,manis coklat roti bakar,Kopidarihati
Roti Bakar Keju,19000,Dessert,manis gurih keju roti bakar,Kopidarihati
Roti Bakar Kacang,19000,Dessert,manis kacang roti bakar,Kopidarihati
Roti Bakar Strawberry,19000,Dessert,manis stroberi roti bakar,Kopidarihati
Roti Bakar Choco Keju,21000,Dessert,manis gurih coklat keju roti bakar,Kopidarihati
Roti Bakar Strawberry Coklat,21000,Dessert,manis stroberi coklat roti bakar,Kopidarihati
Roti Bakar Kacang Coklat,21000,Dessert,manis kaacng coklat roti bakar,Kopidarihati
Roti Bakar Kacang Keju,21000,Dessert,manis gurih kacang keju roti bakar,Kopidarihati
Roti Bakar Strawberry Keju,21000,Dessert,manis gurih stroberi keju roti bakar,Kopidarihati
Pisang Bakar Cokelat,18000,Dessert,manis coklat pisang bakar,Kopidarihati
Pisang Bakar Keju,18000,Dessert,manis gurih keju pisang bakar,Kopidarihati
Pisang Bakar Choco Keju,20000,Dessert,manis coklat pisang bakar,Kopidarihati
Pisang Goreng Cokelat,18000,Dessert,manis crispy coklat pisang goreng,Kopidarihati
Pisang Goreng Keju,18000,Dessert,manis gurih crispy keju pisang goreng,Kopidarihati
Pisang Goreng Cokelat - Keju,20000,Dessert,manis gurih crispy coklat keju pisang goreng,Kopidarihati
Nasi Goreng Spesial,30000,Main Course,asin gurih ayam keju nasi ,Kopidarihati
Crispy Chicken,30000,Main Course,asin gurih ayam keju nasi ,Kopidarihati
Ricebowl Beef,35000,Main Course,asin gurih ayam keju nasi ,Kopidarihati
Mie Goreng Spesial,30000,Main Course,asin gurih manis telur daging sayuran mie,Kopidarihati
Chicken Katsu,30000,Main Course,asin gurih crispy ayam nasi ,Kopidarihati
Mie Ayam Spesial,30000,Main Course,asin gurih ayam ceker baso sayuran mie,Kopidarihati
Nasi Goreng Cabai Hijau,30000,Main Course,asin gurih pedas ayam telur nasi goreng,Kopidarihati
Chicken Pop,30000,Main Course,asin gurih ayam keju nasi ,Kopidarihati
French Fries + Otak - Otak,27000,Appetizer,asin gurih crispy kentang otak-otak goreng,Kopidarihati
French Fries,25000,Appetizer,asin gurih crispy kentang goreng,Kopidarihati
Otak - Otak,18000,Appetizer,asin gurih crispy otak-otak goreng,Kopidarihati
Dounat Choco,16000,Dessert,manis coklat donut,Kopidarihati
Dounat Nut,16000,Dessert,manis selai kacang donut,Kopidarihati
Dounat Cheese,16000,Dessert,manis gurih keju donut,Kopidarihati
Dounat Strawberry,16000,Dessert,manis stroberi donut,Kopidarihati
Tempe Mendoan,20000,Appetizer,asin gurih tempe mendoan goreng,Kopidarihati
Siomay Keriting,30000,Appetizer,asin gurih manis somay ,Kopidarihati
Spring Roll,27000,Appetizer,asin gurih crispy,Kopidarihati
Lumpia Kulit Tahu,27000,Appetizer,asin gurih crispy kulit lumpia tahu goreng,Kopidarihati
Siomay,27000,Appetizer,asin gurih somay,Kopidarihati
Chikaw,27000,Appetizer,asin gurih crispy chikaw goreng,Kopidarihati
Coconut Matcha Cloud,33000,Beverage,manis pahit matcha kelapa dingin,Kopidarihati
Es Kopi Nako,27500,Beverage,manis creamy pahit dingin kopi gula aren,Nako Kalisari
Es Kopi Nako Jelly,31900,Beverage,manis pahit creamy dingin kopi jelly,Nako Kalisari
Es Kopi Nako Se-trong,34100,Beverage,pahit manis dingin kopi strong,Nako Kalisari
Es Kopi Sayang,34100,Beverage,manis creamy pahit dingin kopi madu,Nako Kalisari
Es Kopi Nako Duren,36300,Beverage,manis creamy pahit dingin kopi duren,Nako Kalisari
Americano,27500,Beverage,pahit segar dingin kopi hitam,Nako Kalisari
Cappuccino,29700,Beverage,creamy pahit manis dingin kopi susu,Nako Kalisari
Latte,31900,Beverage,creamy manis milky manis dingin kopi,Nako Kalisari
Cappuccino Ala Nako,35200,Beverage,creamy pahit manis dingin kopi vanilla eskrim,Nako Kalisari
Kopi Wah,31900,Beverage,manis pahit creamy dingin kopi susu,Nako Kalisari
Kopi Tonic,31900,Beverage,pahit segar soda kopi tonic,Nako Kalisari
Kopi Buah,31900,Beverage,pahit segar asam dingin kopi buah,Nako Kalisari
Kopi Susu Daur Baur,38500,Beverage,creamy manis pahit dingin blend kopi susu,Nako Kalisari
Avocado Coffee,34100,Beverage,creamy manis dingin kopi alpukat,Nako Kalisari
Love Potion,34100,Beverage,manis creamy dingin stroberi susu ,Nako Kalisari
Mango Lassie,34100,Beverage,manis segar creamy dingin mangga yogurt,Nako Kalisari
Mango Coco,34100,Beverage,manis segar dingin mangga kelapa,Nako Kalisari
Matcha Ala Nako,38500,Beverage,creamy manis pahit dingin matcha susu eskrim,Nako Kalisari
Coklat,31900,Beverage,manis creamy dingin coklat,Nako Kalisari
Coklat Hazelnut,31900,Beverage,manis creamy dingin coklat hazelnut,Nako Kalisari
Coklat Wah,31900,Beverage,manis dingin coklat ,Nako Kalisari
Taro Latte,31900,Beverage,manis segar dingin susu taro ,Nako Kalisari
Rosberi,31900,Beverage,manis masam dingin rosberi,Nako Kalisari
Mango Squash,31900,Beverage,manis segar soda mangga dingin ,Nako Kalisari
Teh Mangga,27500,Beverage,manis segar mangga dingin teh,Nako Kalisari
Teh Buah,27500,Beverage,manis segar buah dingin teh,Nako Kalisari
Teh Ella,27500,Beverage,manis masam teh rosela,Nako Kalisari
Coklat Coco,34100,Beverage,manis dingin kelapa wafer,Nako Kalisari
Rosela Coco,29700,Beverage,manis asam dingin leci peach kelapa,Nako Kalisari
Matcha Latte,36300,Beverage,manis pahit dingin susu matcha,Nako Kalisari
Es Kunci Nako,19800,Beverage,asam manis segar jeruk dingin,Nako Kalisari
Lemon Kocok Nako,19800,Beverage,asam manis segar dingin lemon madu,Nako Kalisari
Nasi Mangkok Cabe Garam,34100,Main Course,asin gurih pedas sayuran telur nasi,Nako Kalisari
Nasi Mangkok Lada Hitam,34100,Main Course,asin gurih pedas sayuran telur nasi,Nako Kalisari
Nasi Mangkok Mentega,34100,Main Course,asin gurih telur sayuran nasi,Nako Kalisari
Nasi Merem Melek Kekinian,38500,Main Course,asin gurih pedas telur nasi,Nako Kalisari
Nasi Merem Melek Ayam,45100,Main Course,asin gurih pedas ayam nasi,Nako Kalisari
Nasi Merem Melek Dori,47300,Main Course,asin gurih pedas ikan nasi,Nako Kalisari
Nasi Merem Melek Daging,49500,Main Course,asin gurih pedas daging nasi,Nako Kalisari
Baso Urat Cuanki,40700,Main Course,asin gurih pedas baso,Nako Kalisari
Mie Ayam Nako,42900,Main Course,asin gurih ayam mie,Nako Kalisari
Mie Ayam Chili Oil,45100,Main Course,asin gurih pedas ayam mie,Nako Kalisari
Kwetiaw Goreng,42900,Main Course,asin gurih kwetiau goreng,Nako Kalisari
Mie Goreng,40700,Main Course,asin gurih mie goreng,Nako Kalisari
Nasi Goreng Ayam,47300,Main Course,asin gurih ayam nasi goreng,Nako Kalisari
Singkong,18700,Appetizer,asin gurih singkong,Nako Kalisari
Tempe Mendoan crispy,27500,Appetizer,asin gurih manis pedas crispy tempe goreng,Nako Kalisari
Tahu Walik,35200,Appetizer,asin gurih pedas crispy tahu goreng,Nako Kalisari
Cireng,29700,Appetizer,asin gurih crispy cireng,Nako Kalisari
Kentang Goreng,27500,Appetizer,asin gurih kentang goreng,Nako Kalisari
Kentang Keju,33000,Appetizer,asin gurih keju kentang goreng,Nako Kalisari
Pempek,44000,Appetizer,asin gurih pempe,Nako Kalisari
Taichan,44000,Main Course,asin gurih ayam sate taichan,Nako Kalisari
Bolabi,40700,Appetizer,manis crispy gurih ubi goreng,Nako Kalisari
Pisang Goreng,22000,Dessert,manis crispy pisang goreng,Nako Kalisari
Pisang Bakar,27500,Dessert,manis pisang bakar,Nako Kalisari
Donat Siram,33000,Dessert,manis crispy donut,Nako Kalisari
Pisang Nako,33000,Dessert,manis crispy pisang goreng,Nako Kalisari
Roti Bakar,33000,Dessert,manis roti bakar,Nako Kalisari
Tahu Cabe Garam,27500,Appetizer,asin gurih pedas crispy tahu,Nako Kalisari
Mie Ayam Kangkung,28000,Main Course,asin gurih ayam telur sayuran mie,Bakmi Dayeng
Mie Ayam,24000,Main Course,asin gurih pangsit mie,Bakmi Dayeng
Mie Ayam Bakso,29000,Main Course,asin gurih pangsit baso mie,Bakmi Dayeng
Mie Yamin,24000,Main Course,asin manis pangsit mie ,Bakmi Dayeng
Mie Yamin Bakso,29000,Main Course,asin manis pangsit baso mie ,Bakmi Dayeng
Lumpia Semarang,14000,Appetizer,asin gurih crispy ayam lumpia,Bakmi Dayeng
Mie Ayam Kari,28000,Main Course,asin gurih pedas kental ayam telur mie ,Bakmi Dayeng
Mie Ayam Lada Hitam,24000,Main Course,asin gurih pedas ayam pangsit mie,Bakmi Dayeng
Mie Ayam Lada Hitam Bakso,29000,Main Course,asin gurih pedas ayam pangsit baso mie,Bakmi Dayeng
Mie Goreng Ayam,32000,Main Course,asin gurih manis ayam baso sayuran mie goreng,Bakmi Dayeng
Kwetiau Goreng,32000,Main Course,asin manis gurih ayam kwetiau,Bakmi Dayeng
Shoyu chicken Noodles,28000,Main Course,asin gurih ayam telur mie,Bakmi Dayeng
Creamy Peanut Chili Noddles,30000,Main Course,asin gurih pedas creamy ayam mie,Bakmi Dayeng
Pangsit Kuah,23000,Appetizer,asin gurih pangsit,Bakmi Dayeng
Bakso kuah,23000,Main Course,asin gurih baso,Bakmi Dayeng
Nasi Ayam Cah Jamur,32000,Main Course,asin gurih kuah nasi ,Bakmi Dayeng
Nasi Goreng Ayam,32000,Main Course,asin gurih manis ayam sayuran baso nasi goreng,Bakmi Dayeng
Bubur Hongkong,28000,Main Course,asin gurih ayam bubur,Bakmi Dayeng
Paket Bakso Malang,15000,Main Course,asin gurih kuah baso,Baso Malang Akamsi
Bakso Penthol 1 Porsi,15000,Main Course,asin gurih kuah baso,Baso Malang Akamsi
Bakso Malang + Bakso Urat,22000,Main Course,asin gurih kuah baso,Baso Malang Akamsi
Roti Pisang Bakar Nutella Keju,46000,Dessert,manis gurih coklat keju roti pisang  bakar,Warjon Kalisari
Roti Pisang Bakar Cokelat Keju,37000,Dessert,manis gurih coklat keju roti pisang  bakar,Warjon Kalisari
Nasi Campur WARJO,27000,Main Course,asin gurih kulit ayam sayur nasi ,Warjon Kalisari
Ketan Susu Siram,17000,Dessert,manis gurih susu ketan,Warjon Kalisari
Roti Bakar Cinamon,16000,Dessert,manis cinamon susu gula roti bakar,Warjon Kalisari
Nasi Goreng Rempah,22100,Main Course,asin gurih manis rempah telur ayam nasi goreng,Warjon Kalisari
Roti Pisang Bakar Nutella Keju,46000,Dessert,manis gurih coklat keju pisang ,Warjon Kalisari
Nasi Goreng Komplit,15750,Main Course,asin gurih manis telur ayam nasi goreng,Warjon Kalisari
Nasi Ayam Bumbu Bali,16500,Main Course,asin gurih peas rempah nasi ayam,Warjon Kalisari
Nasi Kulit Cabe Garam,25000,Main Course,asin gurih pedas crispy nasi kulit ayam,Warjon Kalisari
Nasi Kulit Bumbu Bali,21500,Main Course,asin gurih pedas rempah crispy nasi kulit ayam,Warjon Kalisari
Nasi Ayam Cabe Garam,25000,Main Course,asin gurih pedas crispy nasi ayam,Warjon Kalisari
Nasi Goreng Gila,31000,Main Course,asin gurih manis sosis bakso ayam sayur telur nasi goreng,Warjon Kalisari
Nasi gila,28000,Main Course,asin gurih nasi ayam sosis bakso telur sayuran,Warjon Kalisari
Nasi Ayam Teriyaki,26000,Main Course,asin manis gurih teriyaki nasi ayam,Warjon Kalisari
Nasi kulit Sambal matah,25000,Main Course,asin gurih segar crispy nasi kulit ayam,Warjon Kalisari
Nasi Ayam Kari,27000,Main Course,asin gurih creamy nasi ayam kari,Warjon Kalisari
Indomie Goreng,14500,Main Course,asin manis gurih mie goreng,Warjon Kalisari
Indomie Rebus,14500,Main Course,asin gurih mie rebus,Warjon Kalisari
Mie Dok-Dok,22500,Main Course,asin pedas manis gurih mie rebus,Warjon Kalisari
Indomie Goreng Sambal Matah,27500,Main Course,asin pedas gurih manis segar mie bawang,Warjon Kalisari
Mie Goreng Cabai Garam,27500,Main Course,asin pedas gurih manis mie,Warjon Kalisari
Mie Bangladesh Original,25000,Main Course,asin pedas gurih rempah mie,Warjon Kalisari
Mie Tek-Tek,22500,Main Course,asin pedas gurih  mie,Warjon Kalisari
Mie Bangladesh Spesial,22500,Main Course,asin pedas gurih rempah telur mie,Warjon Kalisari
Pancong,12500,Dessert,gurih pancong,Warjon Kalisari
Roti Bakar Susu,13000,Dessert,manis susu roti bakar ,Warjon Kalisari
Pisang Bakar Susu,23000,Dessert,manis susu pisang bakar ,Warjon Kalisari
Ketan Susu,12500,Dessert,manis gurih susu ketan,Warjon Kalisari
Pancong Kitkat,28000,Dessert,manis coklat kitkat pancong,Warjon Kalisari
Pancong Lotus Biscoff,27500,Dessert,manis gurih pancong biskuit,Warjon Kalisari
Ketan Susu Lotus Biscoff,25000,Dessert,manis gurih susu ketan biskuit,Warjon Kalisari
Ketan Susu Kitkat,25000,Dessert,manis gurih susu coklat ketan,Warjon Kalisari
Pancong Nutella,35000,Dessert,manis nutella pancong,Warjon Kalisari
Omellete,18000,Appetizer,asin gurih telur,Warjon Kalisari
Tahu Cabai Garam,18000,Appetizer,asin gurih pedas crispy tahu,Warjon Kalisari
Kopi Susu Gamprit (Gula Aren),18500,Beverage,manis pahit dingin susu aren,Warjon Kalisari
Kopi Susu WARJO (Alpenliebe),18500,Beverage,manis pahit dingin susu aren karamel,Warjon Kalisari
Kopi Susu Pandan,18500,Beverage,manis pahit dingin susu pandan,Warjon Kalisari
Kopi Susu Jatiwaringin (Salted Caramel),18500,Beverage,manis pahit dingin susu karamel ,Warjon Kalisari
Soda Susu,15000,Beverage,manis dingin susu soda ,Warjon Kalisari
Ovaltine Susu Keju,20000,Beverage,manis dingin susu keju coklat ovaltine,Warjon Kalisari
Fanta Susu,16000,Beverage,manis dingin susu soda fanta,Warjon Kalisari
Ovaltine Susu,15000,Beverage,manis dingin susu coklat ovaltine,Warjon Kalisari
Max Tea Lemon,8000,Beverage,manis asam dingin lemon teh,Warjon Kalisari
Teh Manis Hangat,6500,Beverage,manis hangat teh ,Warjon Kalisari
Max Tea Tarik,11000,Beverage,manis dingin susu teh,Warjon Kalisari
Millo,10000,Beverage,manis dingin coklat milo,Warjon Kalisari
NASI GORENG AYAM,19500,Main Course,asin gurih manis nasi goreng ayam telur,Nasi Goreng Gila & Kambing Mas Hanan
NASI GORENG MAWUT,21800,Main Course,asin gurih manis nasi goreng telur bakso sosis ayam,Nasi Goreng Gila & Kambing Mas Hanan
NASI GORENG SOSIS,19500,Main Course,asin gurih manis nasi goreng telur sosis,Nasi Goreng Gila & Kambing Mas Hanan
NASI GORENG GILA KAMBING,34500,Main Course,asin gurih manis nasi goreng sosis ayam bakso kambing,Nasi Goreng Gila & Kambing Mas Hanan
NASI GORENG BAKSO,19500,Main Course,asin gurih manis nasi goreng telur bakso,Nasi Goreng Gila & Kambing Mas Hanan
NASI GORENG GILA BIASA,24000,Main Course,asin gurih pedas nasi goreng telur ayam bakso sosis,Nasi Goreng Gila & Kambing Mas Hanan
NASI GORENG GILA SPESIAL,27800,Main Course,asin gurih pedas nasi goreng telur ayam bakso ati ampela,Nasi Goreng Gila & Kambing Mas Hanan
NASI GORENG SPESIAL,26300,Main Course,asin gurih manis nasi goreng telur bakso sosis ayam ati ampela,Nasi Goreng Gila & Kambing Mas Hanan
NASI GORENG BAKSO PETE,23300,Main Course,asin gurih manis nasi goreng telur bakso pete,Nasi Goreng Gila & Kambing Mas Hanan
NASI GORENG BAKSO ATI AMPELA,23300,Main Course,asin gurih manis nasi goreng telur bakso ati ampela,Nasi Goreng Gila & Kambing Mas Hanan
NASI GORENG BAKSO TERI,23300,Main Course,asin gurih manis nasi goreng telur teri bakso,Nasi Goreng Gila & Kambing Mas Hanan
NASI GORENG BAKSO KAMBING,28500,Main Course,asin gurih manis nasi goreng telur bakso kambing,Nasi Goreng Gila & Kambing Mas Hanan
NASI PUTIH GILA BIASA,17300,Main Course,asin gurih pedas nasi goreng telur bakso sosis ayam ,Nasi Goreng Gila & Kambing Mas Hanan
NASI PUTIH GILA SPESIAL,20300,Main Course,asin gurih pedas nasi goreng telur bakso sosis ayam ati ampela,Nasi Goreng Gila & Kambing Mas Hanan
NASI GORENG TERI PETE,23300,Main Course,asin gurih manis nasi goreng telur teri pete,Nasi Goreng Gila & Kambing Mas Hanan
NASI GORENG TERI KAMPUNG TANPA KECAP,21800,Main Course,asin gurih nasi goreng telur teri ,Nasi Goreng Gila & Kambing Mas Hanan
MIE GORENG SPESIAL,26300,Main Course,asin gurih manis mie goreng telur sosis bakso ayam ati ampela,Nasi Goreng Gila & Kambing Mas Hanan
MIE GORENG BAKSO KAMBING,27800,Main Course,asin gurih manis mie goreng telur bakso kambing,Nasi Goreng Gila & Kambing Mas Hanan
KWETIAU GORENG BAKSO KAMBING,27800,Main Course,asin gurih manis kwetiau goreng telur bakso kambing,Nasi Goreng Gila & Kambing Mas Hanan
KWETIAU GORENG SPESIAL,26300,Main Course,asin gurih manis kwetiau goreng telur bakso sosis ayam ati ampela,Nasi Goreng Gila & Kambing Mas Hanan
BIHUN GORENG SPESIAL,26300,Main Course,asin gurih manis bihun goreng telur bakso sosis ayam ati ampela,Nasi Goreng Gila & Kambing Mas Hanan
BIHUN GORENG BAKSO KAMBING,27800,Main Course,asin gurih manis bihun goreng telur bakso kambing,Nasi Goreng Gila & Kambing Mas Hanan
Chicken Crispy,22950,Main Course,asin gurih crispy ayam goreng,Almaz Kalisari
4's Chicken Nugget,27000,Appetizer,gurih asin crispy nugget ayam,Almaz Kalisari
Chicken Saudi,27000,Main Course,gurih asin rempah aromatik ayam,Almaz Kalisari
Cream Soup,17550,Appetizer,creamy gurih hangat sup krim,Almaz Kalisari
French Fries,24300,Appetizer,gurih asin crispy kentang goreng,Almaz Kalisari
Nasi Kebuli,22950,Main Course,gurih asin rempah aromatik nasi kebuli,Almaz Kalisari
Nasi Putih,9450,Main Course,gurih ringan hangat nasi putih,Almaz Kalisari
Beef Burger,40500,Main Course,gurih asin juicy beef burger,Almaz Kalisari
Chicken Curry Burger,33750,Main Course,gurih asin rempah kari ayam burger,Almaz Kalisari
Air Mineral 600ml,10800,Beverage,segar netral air mineral,Almaz Kalisari
Chocomilk,20250,Main Course,manis creamy dingin coklat susu,Almaz Kalisari
Datemilk,20250,Main Course,manis creamy legit susu kurma,Almaz Kalisari
Lemon Tea,17550,Beverage,manis asam segar teh lemon,Almaz Kalisari
Lychee Sparkling,13500,Main Course,manis segar soda leci,Almaz Kalisari
Orange Juice,17550,Main Course,manis asam segar jeruk,Almaz Kalisari
Qahwa,17550,Main Course,pahit aromatik rempah kopi arab,Almaz Kalisari
Tea Hijaz Pandan (Hot),13500,Main Course,manis floral hangat teh pandan,Almaz Kalisari
Tea Hijaz Pandan (Ice),13500,Main Course,manis floral segar dingin teh pandan,Almaz Kalisari
Teh Botol Sosro,10800,Beverage,manis segar teh melati,Almaz Kalisari